CUANTIA,FECHA_SENTENCIA
3745.4,2024-02-20
9507.14,2024-03-11
7319.94,2025-04-24
5986.58,2025-07-13
1560.19,2024-01-19
1559.95,2024-03-24
580.84,2024-06-03
8661.76,2025-07-18
6011.15,2025-09-10
7080.73,2024-12-22
205.84,2025-10-08
9699.1,2025-03-18
8324.43,2024-03-09
2123.39,2025-06-06
1818.25,2024-05-22
1834.05,2024-07-10
3042.42,2025-01-21
5247.56,2025-01-12
4319.45,2025-08-03
2912.29,2025-06-18
6118.53,2025-11-23
1394.94,2024-10-19
2921.45,2024-01-09
3663.62,2024-09-27
4560.7,2025-01-21
7851.76,2024-04-02
1996.74,2025-06-12
5142.34,2024-06-02
5924.15,2025-02-08
464.5,2024-05-28
6075.45,2024-09-23
1705.24,2025-02-25
650.52,2025-09-09
9488.86,2025-04-16
9656.32,2025-06-30
8083.97,2025-09-22
3046.14,2025-06-09
976.72,2025-05-17
6842.33,2024-01-14
4401.52,2025-10-13
1220.38,2024-12-29
4951.77,2024-04-28
343.89,2024-08-25
9093.2,2025-06-29
2587.8,2024-06-17
6625.22,2025-06-05
3117.11,2025-09-25
5200.68,2025-10-18
5467.1,2025-05-30
1848.54,2025-01-31
9695.85,2024-04-15
7751.33,2024-03-25
9394.99,2024-08-01
8948.27,2024-04-30
5979.0,2024-05-11
9218.74,2024-07-15
884.93,2024-01-19
1959.83,2025-10-03
452.27,2024-01-12
3253.3,2024-03-21
3886.77,2024-11-25
2713.49,2025-01-26
8287.38,2025-09-28
3567.53,2024-11-02
2809.35,2024-09-23
5426.96,2025-03-22
1409.24,2025-03-16
8021.97,2025-10-13
745.51,2024-01-02
9868.87,2025-06-03
7722.45,2025-10-12
1987.16,2025-09-27
55.22,2024-11-04
8154.61,2025-06-05
7068.57,2025-04-13
7290.07,2024-07-30
7712.7,2024-04-21
740.45,2024-01-08
3584.66,2025-04-21
1158.69,2025-04-04
8631.03,2024-09-09
6232.98,2025-06-09
3308.98,2025-03-13
635.58,2025-10-22
3109.82,2024-08-23
3251.83,2024-11-01
7296.06,2025-04-22
6375.57,2025-11-09
8872.13,2024-01-20
4722.15,2024-08-03
1195.94,2024-05-14
7132.45,2024-05-08
7607.85,2025-02-13
5612.77,2025-02-25
7709.67,2024-10-20
4937.96,2024-09-02
5227.33,2025-12-01
4275.41,2025-07-09
254.19,2024-03-26
1078.91,2025-07-09
314.29,2025-01-09
6364.1,2025-03-21
3143.56,2025-01-12
5085.71,2025-01-24
9075.66,2025-10-18
2492.92,2024-02-20
4103.83,2024-08-29
7555.51,2024-10-20
2287.98,2025-07-16
769.8,2024-09-22
2897.51,2024-04-29
1612.21,2025-12-12
9296.98,2024-09-04
8081.2,2024-03-10
6334.04,2024-02-26
8714.61,2025-01-16
8036.72,2024-02-08
1865.7,2025-03-18
8925.59,2024-01-18
5393.42,2024-12-17
8074.4,2024-10-24
8960.91,2024-10-09
3180.03,2025-08-08
1100.52,2024-04-19
2279.35,2024-06-28
4271.08,2025-06-27
8180.15,2024-01-25
8607.31,2024-02-26
69.52,2024-06-28
5107.47,2024-08-19
4174.11,2024-12-08
2221.08,2025-04-21
1198.65,2025-07-29
3376.15,2025-03-30
9429.1,2024-08-19
3232.03,2024-10-15
5187.91,2024-07-31
7030.19,2024-09-14
3636.3,2025-06-13
9717.82,2025-11-17
9624.47,2024-08-16
2517.82,2024-08-13
4972.49,2025-08-18
3008.78,2025-03-10
2848.4,2025-02-05
368.87,2025-09-13
6095.64,2024-03-28
5026.79,2025-08-06
514.79,2025-06-25
2786.46,2025-11-14
9082.66,2024-11-04
2395.62,2024-12-08
1448.95,2025-03-11
4894.53,2024-06-25
9856.5,2024-05-18
2420.55,2024-07-12
6721.36,2024-07-04
7616.2,2024-08-05
2376.38,2024-06-12
7282.16,2024-06-09
3677.83,2025-06-08
6323.06,2025-08-23
6335.3,2024-02-11
5357.75,2024-07-28
902.9,2024-10-01
8353.02,2024-10-05
3207.8,2024-09-07
1865.19,2024-11-05
407.75,2025-12-20
5908.93,2024-05-19
6775.64,2025-06-29
165.88,2025-06-13
5120.93,2024-02-26
2264.96,2024-04-21
6451.73,2024-01-05
1743.66,2025-02-13
6909.38,2025-02-17
3867.35,2024-06-30
9367.3,2024-01-13
1375.21,2024-12-04
3410.66,2024-09-15
1134.74,2024-03-30
9246.94,2025-09-07
8773.39,2025-11-28
2579.42,2024-09-06
6599.84,2024-09-11
8172.22,2025-08-10
5552.01,2024-04-17
5296.51,2025-10-29
2418.52,2025-08-16
931.03,2025-08-11
8972.16,2025-04-29
9004.18,2024-09-14
6331.01,2025-09-30
3390.3,2024-10-08
3492.1,2024-03-28
7259.56,2024-07-22
8971.1,2024-01-16
8870.86,2024-05-30
7798.76,2024-09-10
6420.32,2024-07-06
841.4,2024-11-24
1616.29,2025-06-27
8985.54,2025-01-31
6064.29,2025-05-31
91.97,2025-04-03
1014.72,2024-11-25
6635.02,2024-06-17
50.62,2025-11-23
1608.08,2024-12-31
5487.34,2024-06-26
6918.95,2025-10-16
6519.61,2024-12-27
2242.69,2025-09-30
7121.79,2024-02-09
2372.49,2025-02-19
3254.0,2024-12-20
7464.91,2024-09-11
6496.33,2024-05-22
8492.23,2025-12-10
6576.13,2025-07-30
5683.09,2024-01-11
936.75,2025-09-11
3677.16,2024-01-26
2652.02,2025-02-24
2439.9,2025-10-24
9730.11,2024-08-08
3930.98,2025-05-10
8920.47,2024-08-24
6311.39,2024-08-24
7948.11,2024-08-06
5026.37,2025-05-01
5769.04,2025-04-05
4925.18,2025-10-24
1952.43,2025-09-26
7224.52,2024-05-23
2807.72,2024-07-07
243.16,2024-09-11
6454.72,2024-03-08
1771.11,2025-09-07
9404.59,2024-12-01
9539.29,2025-11-01
9148.64,2025-02-12
3701.59,2024-10-26
154.57,2025-08-24
9283.19,2024-12-22
4281.84,2024-09-12
9666.55,2024-12-18
9636.2,2025-06-04
8530.09,2025-06-07
2944.49,2025-11-24
3850.98,2024-10-10
8511.37,2024-11-07
3169.22,2024-04-08
1694.93,2024-07-15
5568.01,2025-04-26
9361.55,2024-08-13
6960.3,2025-09-06
5700.61,2025-09-09
971.76,2024-12-30
6150.07,2025-01-02
9900.54,2025-07-23
1400.84,2025-08-12
5183.3,2024-03-15
8773.73,2024-02-11
7407.69,2025-02-25
6970.16,2024-06-29
7024.84,2025-06-28
3594.91,2024-03-11
2935.92,2025-07-21
8093.61,2024-04-14
8101.13,2024-07-18
8670.72,2024-04-10
9132.41,2024-11-02
5113.42,2025-08-08
5015.16,2025-11-13
7982.95,2025-01-11
6499.64,2025-10-16
7019.67,2025-11-08
7957.93,2025-02-02
8900.05,2024-08-08
3379.95,2025-08-17
3755.83,2024-06-30
939.82,2024-11-02
5782.8,2025-06-05
359.42,2025-01-30
4655.98,2024-01-04
5426.45,2024-10-07
2865.41,2024-08-02
5908.33,2025-09-01
305.0,2025-02-23
373.48,2024-04-10
8226.01,2025-06-04
3601.91,2025-07-26
1270.61,2024-11-04
5222.43,2025-10-19
7699.94,2025-05-24
2158.21,2024-03-03
6228.9,2025-09-24
853.47,2024-08-13
516.82,2024-04-14
5313.55,2025-02-28
5406.35,2024-09-11
6374.3,2025-03-04
7260.91,2025-03-09
9758.52,2024-07-25
5163.0,2024-01-28
3229.56,2025-11-12
7951.86,2024-12-01
2708.32,2025-08-10
4389.71,2025-09-19
784.56,2024-03-09
253.51,2025-05-27
9626.48,2024-06-15
8359.8,2025-12-30
6959.74,2025-01-02
4089.53,2024-09-07
1732.94,2025-11-16
1564.37,2024-06-18
2502.43,2024-03-30
5492.27,2025-07-14
7145.96,2025-03-21
6601.97,2024-10-20
2799.34,2024-05-29
9548.65,2024-05-11
7378.97,2025-03-08
5543.54,2024-02-28
6117.21,2024-07-17
4196.0,2024-08-02
2477.31,2025-07-14
3559.73,2025-04-16
7578.46,2024-09-03
143.93,2025-01-16
1160.73,2024-08-26
460.03,2025-01-01
407.29,2024-06-16
8554.61,2025-07-13
7036.58,2024-02-20
4741.74,2025-09-01
978.34,2025-12-28
4916.16,2025-11-19
4734.72,2025-01-14
1732.02,2025-04-18
4338.52,2024-03-20
3985.05,2025-11-27
6158.5,2025-01-01
6350.94,2025-04-05
453.04,2025-06-22
3746.13,2025-03-27
6258.6,2025-04-08
5031.36,2025-04-22
8564.9,2025-02-23
6586.94,2025-12-07
1629.34,2024-08-01
705.69,2025-01-03
6424.19,2024-04-23
265.11,2025-05-17
5857.76,2025-09-27
9402.3,2025-08-10
5754.74,2024-11-06
3881.7,2025-04-13
6432.88,2025-12-08
4582.53,2024-02-13
5456.17,2025-02-18
9414.65,2025-11-28
3861.03,2024-09-02
9611.91,2024-03-24
9053.51,2024-07-25
1957.91,2024-05-30
693.61,2025-10-29
1007.78,2025-06-11
182.22,2024-06-13
944.43,2024-05-24
6830.07,2024-02-06
711.89,2024-11-28
3189.76,2025-02-06
8448.75,2025-02-17
232.72,2024-02-14
8144.68,2025-02-05
2818.55,2024-07-24
1181.65,2024-03-02
6967.37,2025-02-23
6289.43,2025-04-12
8774.72,2024-01-19
7350.71,2024-12-30
8034.81,2024-10-26
2820.35,2024-01-07
1774.4,2025-03-03
7506.15,2024-04-26
8068.35,2025-08-02
9905.05,2025-05-21
4126.18,2025-06-29
3720.18,2025-12-06
7764.13,2024-11-20
3408.04,2024-02-24
9307.57,2024-02-11
8584.13,2024-10-23
4289.94,2024-08-18
7508.71,2025-03-28
7545.43,2025-01-28
1031.24,2025-06-05
9025.53,2024-12-23
5052.52,2025-03-19
8264.57,2024-05-07
3200.5,2025-11-21
8955.23,2025-02-08
3892.02,2025-01-26
108.38,2024-07-11
9053.82,2025-08-26
912.87,2024-03-18
3193.14,2024-03-25
9500.62,2024-01-30
9506.07,2025-12-25
5734.38,2024-02-18
6318.37,2024-05-24
4484.46,2024-03-09
2932.11,2024-02-27
3286.65,2025-11-27
6725.18,2025-07-27
7523.75,2025-04-23
7915.79,2025-03-20
7896.18,2024-10-22
912.06,2025-11-08
4944.2,2024-06-19
575.59,2025-07-28
5495.29,2024-05-26
4415.31,2025-04-28
8877.04,2024-11-01
3509.15,2025-11-03
1170.67,2025-10-14
1429.92,2025-08-31
7615.11,2025-03-21
6182.18,2024-08-08
1011.23,2025-07-08
841.07,2025-01-12
7009.69,2025-09-11
727.63,2024-09-22
8218.6,2024-04-04
7062.42,2024-09-18
813.49,2024-03-11
848.38,2024-08-06
9866.4,2025-06-16
3742.71,2024-04-01
3706.42,2024-05-06
8128.0,2024-03-20
9472.49,2024-08-25
9860.01,2025-01-06
7533.78,2025-04-30
3762.6,2025-11-24
835.01,2024-01-25
7771.47,2024-06-04
5584.04,2025-05-31
4242.22,2025-09-23
9063.54,2025-06-13
1111.97,2025-12-10
4926.25,2024-02-26
113.54,2025-08-27
4686.61,2024-01-19
563.03,2025-01-18
1188.18,2024-07-11
1175.26,2024-08-24
6492.1,2025-01-21
7460.45,2025-03-01
5833.69,2024-10-03
9621.73,2024-08-14
3748.71,2025-07-05
2857.12,2024-11-18
8685.99,2024-06-01
2235.96,2025-09-30
9632.23,2024-08-24
121.54,2024-02-24
9698.79,2025-03-11
431.6,2025-11-14
8911.43,2024-04-18
5277.01,2024-07-02
9929.65,2025-01-02
737.97,2024-07-16
5538.54,2025-01-05
9693.03,2025-01-07
5230.98,2025-05-11
6293.99,2025-08-21
6957.49,2024-07-19
4545.41,2025-05-23
6275.58,2024-11-17
5843.14,2024-10-01
9011.58,2024-07-29
454.46,2025-05-18
2809.63,2024-04-27
9504.11,2025-12-03
8902.64,2025-07-07
4556.57,2024-02-11
6201.33,2024-11-10
2773.81,2024-11-24
1881.21,2024-01-17
4636.98,2024-10-09
3533.52,2024-09-14
5836.56,2025-07-28
777.35,2025-07-27
9743.95,2025-09-03
9862.11,2024-01-19
6981.62,2025-06-12
5360.96,2025-02-26
3095.28,2025-04-10
8137.95,2025-01-07
6847.31,2024-03-21
1626.17,2025-07-04
9109.27,2025-07-01
8225.37,2025-02-27
9498.0,2025-03-04
7257.2,2025-01-22
6134.15,2025-12-09
4182.43,2025-10-31
9327.28,2024-07-22
8660.64,2024-07-14
452.19,2025-12-28
263.67,2024-10-11
3764.63,2024-07-14
8105.53,2024-11-02
9872.76,2025-10-25
1504.17,2024-01-14
5941.31,2024-05-25
3808.91,2024-02-26
9699.14,2025-12-23
8421.19,2024-07-28
8383.29,2025-06-12
4686.93,2024-12-09
4148.2,2025-12-15
2734.07,2025-09-02
563.75,2024-10-05
8647.22,2024-07-27
8129.01,2025-10-02
9997.18,2024-11-30
9966.37,2024-10-14
5554.32,2024-09-08
7689.87,2024-09-21
9447.66,2024-09-27
8496.47,2025-11-30
2473.48,2025-02-22
4505.44,2025-12-26
1291.59,2024-07-29
9540.51,2024-12-30
6061.75,2024-03-16
2286.43,2025-10-21
6717.01,2024-11-16
6181.28,2025-12-25
3581.63,2025-03-08
1135.58,2024-04-18
6715.73,2025-10-02
5203.08,2025-06-05
7723.18,2024-02-16
5201.64,2025-01-13
8521.82,2024-04-05
5519.07,2024-04-12
5609.38,2024-05-25
8766.54,2024-01-27
4034.83,2025-06-13
1340.15,2025-11-09
287.83,2024-03-22
7551.37,2025-03-03
6203.1,2025-08-06
7040.8,2025-04-23
2129.64,2024-06-10
1363.71,2025-02-05
145.45,2025-05-22
3505.88,2024-02-07
5899.18,2025-05-25
3922.44,2025-01-27
4374.75,2025-12-13
9041.59,2025-05-08
3482.55,2024-07-18
5139.89,2024-09-11
7836.53,2024-06-27
3965.43,2025-06-30
6220.87,2025-08-16
8623.64,2025-01-23
9495.21,2025-02-01
1470.73,2024-06-06
9265.88,2024-01-04
4921.16,2024-06-15
2582.44,2025-04-12
4591.36,2025-02-12
9800.33,2025-02-15
4926.18,2024-07-22
3287.52,2024-07-12
6334.01,2024-08-22
2401.46,2025-12-18
758.63,2024-05-29
1288.8,2024-06-07
1280.46,2024-10-05
1519.03,2025-02-07
1388.27,2025-11-08
6408.75,2024-11-06
1818.8,2024-03-08
3456.67,2025-04-07
8967.88,2024-03-28
4739.62,2024-08-04
6675.58,2024-01-01
1723.2,2024-05-14
1922.89,2025-11-27
408.69,2024-12-16
1689.35,2024-05-19
2785.9,2025-09-09
1770.1,2024-05-12
887.03,2025-09-11
1206.36,2024-06-26
4607.79,2024-12-23
2063.34,2025-01-14
3642.7,2025-10-19
5034.17,2025-03-25
6903.95,2025-08-08
393.12,2025-04-07
7994.1,2024-04-17
6279.0,2024-05-01
817.59,2024-01-17
8735.79,2024-07-14
9208.72,2024-11-22
610.78,2024-11-13
2768.78,2025-04-23
8062.01,2024-09-08
7482.6,2025-05-17
1845.21,2024-04-28
2093.49,2025-11-04
3704.72,2025-12-10
4845.23,2025-05-12
6182.55,2025-04-30
3689.14,2024-02-14
4625.35,2024-11-09
7474.71,2024-06-27
366.83,2025-02-21
2524.37,2025-07-09
7133.5,2024-03-18
8952.07,2024-11-21
5116.77,2025-11-20
5321.13,2024-12-22
1071.72,2025-02-19
4474.12,2025-05-29
5326.17,2024-08-01
2424.71,2024-03-14
2692.43,2025-07-16
3772.84,2025-08-01
200.71,2025-05-23
3220.79,2024-11-27
2114.48,2024-04-02
3274.97,2025-11-18
1197.62,2025-10-18
8905.27,2025-06-02
5935.92,2024-09-25
6791.02,2025-01-10
7891.71,2024-01-04
4984.42,2024-05-17
869.2,2024-08-18
5371.07,2025-08-22
5868.41,2025-06-12
7454.39,2024-02-21
4316.6,2025-10-07
1275.8,2025-12-23
2837.76,2024-11-20
3630.82,2025-12-31
6459.17,2025-12-17
5707.78,2025-12-23
3560.97,2024-10-03
9865.15,2025-06-19
6057.75,2025-04-30
2372.27,2025-05-30
1017.82,2024-05-31
1528.59,2025-04-27
2459.58,2024-09-15
1606.81,2024-11-19
1865.67,2024-06-16
2850.95,2025-11-18
1733.74,2024-11-05
8967.65,2025-04-23
802.34,2024-02-25
5245.11,2025-09-11
4103.97,2025-04-17
9823.79,2024-10-22
1120.39,2025-04-05
3978.56,2024-11-19
9694.7,2024-05-20
8655.07,2025-10-28
8170.72,2024-09-18
2579.03,2025-02-23
1708.88,2024-08-28
6686.43,2024-12-20
9293.76,2025-08-11
5567.63,2024-06-28
5716.13,2024-03-06
2799.79,2024-12-13
7694.93,2024-06-19
1870.44,2025-04-18
3236.79,2025-06-17
4254.36,2025-01-01
5076.1,2024-04-16
2424.1,2025-03-14
1148.37,2024-08-14
6106.2,2025-03-19
2886.31,2025-03-17
5812.38,2025-01-30
1543.63,2025-12-28
4811.4,2025-08-03
5325.89,2024-03-24
518.24,2025-09-06
3366.04,2025-07-04
1344.15,2024-01-13
633.75,2025-11-23
9899.6,2025-05-07
3223.54,2024-09-24
8098.74,2025-06-08
2546.41,2024-04-29
6815.03,2024-12-18
7602.28,2024-02-26
5956.39,2024-02-09
4715.76,2024-12-01
4118.41,2025-10-01
3488.68,2024-06-21
9295.29,2025-06-30
8306.19,2024-09-15
9650.27,2025-05-31
1242.97,2025-12-30
7308.67,2025-06-06
9383.4,2024-04-26
1812.33,2024-07-02
664.96,2024-04-25
7411.21,2024-06-10
5744.73,2025-08-01
8418.29,2025-12-12
1397.72,2025-06-26
7952.67,2025-08-09
2016.27,2024-08-24
1636.56,2024-03-06
1642.66,2024-03-10
8145.75,2025-03-22
6651.97,2025-02-19
5230.65,2025-06-15
3588.3,2025-03-16
8772.01,2025-04-08
3924.45,2025-01-30
8165.99,2025-12-11
4391.35,2025-07-04
3769.44,2025-10-18
4626.8,2025-07-10
3013.78,2025-01-29
7476.09,2024-11-21
5027.2,2024-03-31
2322.13,2024-03-10
8995.75,2024-06-14
3838.91,2025-10-03
5435.53,2024-08-01
9064.72,2025-08-23
6242.38,2024-11-30
1168.98,2025-01-03
9398.32,2025-08-06
6277.08,2025-11-07
3349.06,2024-02-18
1392.72,2024-02-21
7940.25,2024-10-15
6200.73,2025-09-17
5334.61,2024-08-26
8938.93,2024-05-12
7885.97,2024-06-14
1516.75,2025-01-08
3117.22,2025-01-07
2484.89,2025-04-22
7439.46,2025-04-23
335.32,2025-10-11
5698.9,2025-08-13
7624.59,2025-11-12
8767.66,2025-09-26
3420.82,2025-11-18
8212.57,2024-10-26
1106.32,2024-03-22
8464.52,2024-03-27
1274.89,2024-08-12
3972.87,2024-01-16
7972.95,2024-12-23
1499.17,2024-06-11
2292.51,2025-09-01
7222.53,2025-10-29
7200.37,2025-05-28
6411.48,2024-12-15
6939.48,2025-11-11
5427.24,2025-04-08
2517.99,2025-01-09
3456.96,2024-04-01
1815.98,2024-06-29
9084.51,2024-10-27
5833.92,2025-10-21
4008.51,2024-07-07
4620.06,2024-11-09
9472.83,2025-05-07
1533.51,2024-05-07
5862.3,2025-06-02
5058.89,2025-03-01
6114.54,2025-07-12
181.1,2025-07-18
8721.24,2024-07-05
9321.18,2025-07-03
5651.33,2025-03-28
6966.51,2025-04-15
9224.99,2025-07-18
7072.39,2024-08-11
1525.39,2024-06-02
5762.88,2025-07-13
6067.15,2024-12-16
4241.31,2024-05-26
7364.44,2025-07-29
9343.67,2024-12-14
9255.69,2024-06-30
4508.39,2025-09-28
1132.38,2024-06-27
9848.41,2024-02-08
8388.98,2024-01-03
1246.63,2024-03-04
9208.42,2024-01-29
8698.96,2025-01-06
5188.38,2025-06-06
5912.75,2024-04-06
3990.03,2025-03-17
547.62,2024-07-21
3351.97,2025-02-14
8028.53,2024-01-21
46.32,2025-07-04
3334.99,2024-04-11
3981.69,2024-02-15
5373.96,2024-03-06
9198.56,2025-08-25
3463.46,2024-06-12
3469.53,2024-04-20
7375.01,2024-12-03
4522.18,2024-05-02
2246.05,2025-12-05
4524.4,2025-03-22
1408.57,2025-09-02
1763.87,2024-10-17
4983.68,2025-11-01
4189.25,2025-02-15
9148.46,2025-09-06
3623.94,2024-10-07
5805.88,2024-02-12
6322.64,2025-04-30
130.94,2025-08-18
6635.37,2025-12-03
1780.36,2024-02-20
9610.7,2024-07-28
1486.63,2024-05-05
4146.24,2025-05-06
853.5,2025-05-23
9968.74,2025-08-03
5021.95,2024-09-14
5953.85,2024-07-06
670.76,2024-08-17
7499.6,2024-07-07
2099.06,2025-02-18
8980.54,2024-01-10
2051.4,2024-04-23
1906.88,2024-03-16
365.5,2025-11-06
4720.67,2025-05-16
5648.41,2024-03-25
657.09,2024-02-18
7755.28,2025-05-09
4532.89,2025-11-19
5243.9,2025-01-21
4407.63,2025-01-23
4007.63,2024-08-05
5596.4,2025-12-01
1552.4,2024-12-11
1819.28,2024-08-17
8617.86,2024-09-11
9461.15,2024-08-23
3733.09,2024-01-26
2707.45,2025-08-06
6440.0,2024-09-17
4087.34,2024-09-27
253.86,2024-05-02
1561.53,2025-10-17
7159.72,2024-09-13
6589.24,2025-10-17
270.96,2025-02-24
2219.72,2024-09-15
2310.75,2024-02-16
6718.93,2025-06-08
197.11,2024-07-26
1041.09,2024-11-06
7999.16,2024-05-28
1785.45,2025-03-13
6527.46,2024-06-03
2381.83,2025-11-08
994.41,2024-03-30
2431.72,2025-11-28
7222.67,2024-12-23
8556.96,2024-06-22
8302.2,2024-08-04
3971.84,2025-03-31
6680.85,2025-08-31
2049.84,2025-09-20
2931.48,2024-07-17
8963.36,2025-04-30
130.02,2025-06-16
855.09,2024-07-18
2078.86,2025-01-05
265.32,2025-03-23
1814.35,2024-09-04
5830.42,2024-09-20
4214.25,2024-02-27
8926.72,2024-10-28
8174.44,2024-01-31
3418.17,2025-05-12
2594.23,2024-09-05
3796.92,2025-08-27
5902.95,2024-09-27
2680.64,2025-08-28
6241.49,2025-10-27
4094.12,2025-01-28
5520.47,2025-05-16
4361.27,2025-08-14
2944.66,2024-03-24
9484.53,2024-12-30
7636.06,2025-07-02
1401.13,2024-12-07
8684.68,2025-02-10
4874.31,2025-02-28
8945.52,2024-04-02
7998.55,2025-09-05
4252.14,2025-02-15
224.69,2025-03-07
2686.77,2025-11-08
5416.34,2024-06-07
6334.78,2024-01-14
2578.88,2025-01-07
1393.56,2024-08-12
8349.3,2025-05-19
9844.02,2024-03-13
5256.9,2024-09-05
1716.79,2025-05-25
2723.07,2025-08-25
183.91,2024-08-03
9142.99,2025-08-24
1177.51,2025-06-24
5765.16,2024-08-07
2740.55,2025-12-27
5541.78,2024-08-08
6514.2,2025-01-23
8297.42,2025-07-07
2064.21,2025-10-08
109.96,2024-02-11
1368.86,2025-11-06
9000.19,2024-10-09
8738.9,2024-02-27
5974.13,2025-06-20
6005.17,2024-03-13
6650.37,2024-05-08
1753.71,2025-08-21
9144.12,2025-03-01
4187.71,2025-10-26
3831.39,2025-11-24
5189.18,2024-05-04
469.66,2024-03-07
1662.83,2024-01-06
7380.34,2025-09-28
827.99,2024-11-09
6031.52,2024-11-21
2453.49,2025-07-18
3892.96,2025-07-31
2886.94,2025-05-20
3556.73,2024-03-22
7190.46,2025-08-21
2971.22,2024-01-02
5664.05,2024-07-22
4760.5,2025-10-23
6636.71,2025-02-07
9368.3,2024-04-12
7325.72,2025-06-19
2149.4,2025-01-02
311.83,2024-07-30
2622.64,2025-07-30
5950.78,2024-07-27
514.26,2024-04-26
4963.66,2025-09-19
5968.43,2025-04-22
3342.44,2024-04-14
7709.12,2025-05-09
1065.98,2024-02-15
751.38,2024-11-26
7281.89,2024-08-03
4954.91,2025-05-06
6884.02,2025-03-24
4348.27,2025-06-19
2464.02,2025-05-25
8191.02,2025-04-02
7994.16,2025-06-30
6946.96,2025-06-19
2721.45,2025-06-23
5902.31,2025-04-28
3609.74,2024-01-16
915.82,2025-07-24
9173.14,2024-08-30
1368.19,2024-07-25
9502.37,2024-09-27
4460.06,2025-12-05
1851.33,2025-12-30
5419.01,2024-04-24
8729.46,2025-08-02
7322.25,2024-10-25
8065.61,2025-04-27
6587.83,2025-01-31
6922.77,2025-01-28
8491.96,2024-03-15
2496.68,2025-04-26
4894.25,2024-04-12
2212.09,2024-10-23
9876.68,2024-06-26
9440.59,2024-08-02
394.27,2024-11-10
7055.75,2024-02-08
9252.48,2024-09-15
1805.75,2025-12-16
5679.45,2024-01-07
9154.88,2024-02-18
339.46,2025-06-21
6974.2,2024-06-09
2973.49,2024-06-24
9243.96,2025-08-13
9710.58,2024-01-02
9442.66,2025-03-30
4742.14,2025-10-05
8620.43,2024-10-02
8445.49,2025-05-12
3191.0,2025-09-20
8289.15,2025-11-06
370.08,2024-01-28
5962.7,2024-11-28
2300.09,2024-01-01
1205.67,2024-07-06
769.53,2024-02-25
6962.89,2025-06-30
3398.75,2024-04-21
7247.67,2024-11-05
653.56,2024-02-05
3152.9,2025-03-14
5394.91,2025-12-29
7907.23,2025-08-14
3187.53,2025-08-17
6258.91,2025-07-30
8859.78,2024-11-20
6158.63,2025-10-01
2329.59,2024-11-02
244.01,2025-06-17
8700.99,2025-12-28
212.69,2025-09-10
8747.02,2024-04-18
5289.37,2025-01-06
9390.68,2024-12-22
7987.83,2024-06-29
9979.34,2024-12-21
3507.12,2025-11-06
7671.88,2024-03-08
4019.31,2024-10-18
4798.76,2025-11-22
6275.05,2024-06-29
8736.77,2025-04-10
9840.83,2025-03-09
7682.73,2025-04-08
4177.67,2025-11-11
4213.57,2025-06-17
7375.82,2024-03-06
2387.77,2024-01-21
1104.74,2025-09-03
3546.22,2025-01-18
2872.39,2025-09-06
2963.08,2025-07-12
2336.08,2024-02-08
420.93,2024-10-11
178.74,2025-08-24
9877.22,2025-08-19
4277.73,2024-12-01
3843.27,2024-07-06
6796.47,2025-11-01
2182.54,2024-08-30
9499.61,2024-03-13
7863.45,2025-04-23
894.11,2025-07-14
4175.81,2024-04-10
8791.18,2025-05-28
9447.32,2024-06-24
4674.02,2024-08-25
6134.11,2024-02-28
1670.34,2024-04-08
9911.69,2025-05-09
2316.72,2025-05-28
9427.32,2024-10-23
6496.47,2024-07-29
6077.37,2024-05-02
5126.89,2024-08-16
2306.7,2025-08-16
1765.28,2025-10-17
2204.86,2025-01-22
1864.38,2024-05-19
7795.84,2025-06-24
3501.25,2025-01-25
578.43,2024-09-26
9691.03,2024-01-12
8837.86,2025-01-23
9277.52,2024-12-02
9949.08,2025-05-20
1738.95,2024-04-15
3962.42,2024-02-01
7582.38,2024-03-14
6960.21,2024-06-19
1538.96,2024-03-09
8158.33,2024-12-27
2244.41,2025-10-10
2238.18,2025-03-08
5369.74,2024-04-09
5929.4,2025-10-19
5800.86,2024-01-09
914.87,2025-07-27
8774.61,2025-11-27
2656.0,2024-01-29
1295.15,2024-04-23
8887.48,2025-04-06
9556.51,2024-05-22
8621.28,2025-01-24
8095.16,2025-09-23
6552.42,2025-11-12
5508.57,2024-06-05
869.87,2024-11-30
4084.53,2024-09-16
3726.89,2024-03-22
2597.54,2025-03-16
7234.2,2024-06-20
4958.76,2024-08-18
810.46,2025-12-20
2201.83,2024-03-15
6832.59,2024-09-26
761.31,2025-09-17
8512.07,2024-03-02
4951.47,2024-11-15
4805.87,2024-04-11
5924.08,2025-03-04
8246.81,2025-12-22
3478.09,2024-09-11
6780.16,2025-06-15
5657.32,2025-07-23
2670.28,2024-04-21
8786.3,2024-11-08
7974.26,2025-04-05
6584.52,2025-12-08
8505.82,2025-04-06
8672.94,2024-04-01
7083.63,2024-02-21
8370.13,2025-06-03
6974.71,2024-04-07
6801.41,2024-08-23
6186.11,2025-01-08
7527.17,2025-08-03
1586.05,2025-07-10
8808.71,2025-10-10
8718.44,2024-08-21
292.47,2024-02-01
8258.17,2024-10-15
1288.7,2025-09-29
3351.19,2025-08-01
7435.08,2025-06-25
1607.6,2024-04-23
8179.67,2024-07-22
8321.34,2024-01-29
5074.68,2025-10-04
63.86,2025-04-18
2870.38,2025-11-27
6169.27,2024-09-09
9811.86,2025-01-20
6318.14,2024-03-02
2598.04,2025-05-29
6340.06,2025-03-05
5399.85,2025-08-02
7798.45,2025-06-20
1069.81,2025-11-21
7610.28,2024-05-20
5412.67,2024-10-26
9629.92,2025-11-05
3418.72,2024-11-06
6326.22,2025-04-15
9320.28,2025-01-27
1025.1,2025-10-03
9372.28,2025-03-20
6878.86,2024-06-20
678.37,2025-07-29
3009.64,2024-01-31
7081.72,2024-02-16
673.51,2024-05-09
5821.7,2024-12-17
3458.83,2025-09-13
6209.16,2025-08-03
457.42,2024-02-27
8715.37,2024-04-15
9734.89,2024-11-25
9688.78,2025-11-13
7496.52,2025-01-17
1300.86,2024-06-10
7582.63,2024-10-12
245.87,2024-03-11
221.24,2025-03-29
3236.1,2025-07-20
4886.43,2025-01-31
7704.07,2025-05-29
6832.95,2024-01-26
4459.03,2024-11-08
2736.27,2024-05-05
9971.25,2025-02-11
4261.81,2025-07-18
4513.87,2024-07-16
1636.24,2024-07-06
7948.1,2025-11-28
6936.82,2025-12-16
2207.7,2025-04-28
823.81,2025-03-25
6804.99,2025-06-06
6545.11,2024-12-19
2732.6,2025-10-19
9508.64,2025-08-19
1510.58,2024-04-09
4323.35,2025-09-07
9436.16,2025-07-11
4197.27,2025-07-09
6385.26,2024-10-04
3975.94,2025-11-23
2742.15,2025-11-29
9839.78,2025-09-17
4093.34,2025-05-05
8940.99,2024-09-11
2299.55,2025-01-15
2131.05,2025-06-25
311.34,2024-09-20
6516.67,2025-09-01
3685.26,2024-11-24
8643.58,2024-04-24
4732.1,2024-10-02
9681.93,2025-05-02
1855.26,2024-10-07
8686.23,2024-10-01
7765.97,2025-12-19
7709.22,2024-11-23
8447.83,2024-07-29
7610.24,2025-12-27
6262.2,2025-07-05
1312.45,2024-01-26
325.26,2024-01-27
9208.48,2025-12-02
6166.5,2024-03-23
7965.37,2025-11-12
4815.22,2025-02-16
1173.08,2024-06-15
1251.86,2025-11-30
6855.65,2024-06-17
4303.06,2024-08-16
2005.25,2025-08-31
4915.95,2025-01-01
642.09,2025-06-11
5819.71,2025-10-08
2689.93,2025-06-21
7975.59,2025-06-07
3103.62,2024-03-12
4552.2,2025-10-06
116.21,2024-04-15
724.47,2025-11-19
3924.94,2024-10-08
4799.39,2024-05-12
6000.21,2025-06-17
2916.63,2024-09-25
6949.82,2025-02-15
8601.22,2025-11-03
7798.51,2025-09-10
396.19,2024-01-18
4805.07,2024-04-26
1049.3,2024-05-23
2420.45,2025-12-17
9866.63,2025-07-04
1424.96,2025-10-27
4988.88,2025-11-18
6181.56,2025-02-25
7024.65,2025-01-03
5596.49,2025-10-07
97.71,2025-07-11
3264.61,2024-02-19
5177.12,2025-11-08
878.66,2024-04-15
3506.27,2024-08-03
332.03,2025-10-19
785.78,2025-02-28
3969.23,2024-03-12
1327.16,2025-03-21
5675.41,2024-07-04
6894.65,2024-03-10
8005.87,2024-05-29
2001.5,2024-09-02
1674.83,2025-06-21
1045.68,2025-10-13
6364.3,2024-04-08
7064.76,2024-10-04
315.86,2025-07-16
9362.12,2025-10-24
519.71,2025-03-30
5412.96,2024-04-13
7090.61,2025-08-23
8709.69,2025-10-14
7140.87,2025-12-25
8017.28,2024-08-20
3394.5,2025-01-28
8148.25,2025-05-15
801.15,2025-11-25
8948.17,2024-09-07
5475.92,2025-06-04
8172.98,2024-03-19
4523.18,2024-02-21
6435.78,2024-08-13
5264.03,2024-02-20
7315.9,2024-07-04
816.3,2024-02-03
603.52,2024-05-10
2471.03,2025-09-23
1595.45,2025-03-18
8717.84,2025-03-07
2192.14,2025-12-04
9758.65,2025-05-11
3368.96,2025-02-06
1821.18,2024-11-18
7896.99,2024-07-28
6587.08,2025-09-06
4981.96,2024-11-24
5553.64,2025-01-06
7192.02,2025-04-04
2284.55,2024-05-12
9963.34,2025-10-12
9747.93,2024-04-30
6503.26,2025-08-28
1995.42,2025-03-27
6802.28,2024-05-08
721.98,2024-03-31
306.53,2025-08-26
2576.83,2025-07-28
4626.23,2024-01-29
8682.73,2025-12-22
7271.69,2025-06-07
7427.07,2024-11-28
4254.93,2024-10-23
3459.35,2024-05-09
3710.39,2024-10-19
9876.5,2024-06-21
401.09,2025-12-20
8670.31,2024-01-24
5786.75,2024-04-08
4386.15,2025-02-09
7252.58,2024-12-21
4866.69,2024-05-18
8734.23,2025-05-17
9007.02,2024-06-22
4217.21,2024-01-29
2768.28,2025-05-10
5923.5,2025-10-16
9123.63,2024-12-16
2106.62,2025-07-07
6229.67,2024-10-25
6315.6,2025-12-20
7331.13,2024-07-10
1315.68,2025-11-02
7158.25,2024-03-04
9090.33,2025-10-25
1796.83,2024-08-02
2375.43,2024-06-14
9713.95,2025-06-26
1809.77,2024-08-19
8543.85,2025-06-24
4922.78,2024-07-13
2472.31,2025-05-20
8707.5,2024-11-29
4453.05,2024-10-30
5148.17,2025-03-12
3592.33,2024-11-18
5929.51,2025-05-16
1635.24,2025-01-27
3910.82,2025-08-21
9694.12,2024-05-28
2581.33,2025-02-08
6567.37,2024-10-09
3251.9,2024-12-27
7734.73,2025-01-13
1308.74,2024-07-16
9698.21,2025-07-09
4537.9,2024-12-21
2360.5,2025-06-23
734.97,2025-03-04
1697.58,2024-01-17
5197.74,2025-09-30
3370.03,2025-01-13
8288.83,2025-11-10
4308.88,2025-05-20
2487.14,2024-03-16
6171.45,2024-08-18
7067.77,2025-12-16
1670.42,2024-09-04
1676.19,2024-10-28
366.71,2025-12-26
7364.02,2024-08-02
6638.05,2024-06-06
4746.31,2024-03-09
8441.7,2025-01-27
8056.7,2024-03-25
5853.54,2024-09-23
8682.71,2024-03-09
2058.41,2025-09-02
1119.2,2024-12-12
2697.5,2025-12-28
570.87,2025-11-03
5311.7,2025-02-26
9366.06,2025-08-28
393.44,2024-06-22
1221.1,2025-11-07
4521.99,2024-04-24
9338.75,2024-08-07
3161.56,2024-01-31
5072.35,2025-06-06
415.73,2024-12-08
1483.43,2025-01-11
9866.3,2024-05-09
9651.19,2025-09-08
49.4,2025-06-22
9518.12,2024-01-02
6391.2,2024-04-10
8679.18,2025-06-16
4547.4,2024-02-27
5155.96,2025-01-23
4888.47,2025-11-22
6668.64,2024-12-06
1396.51,2024-01-20
299.74,2024-09-11
3079.3,2024-11-12
7046.81,2024-02-07
2018.53,2025-10-21
6734.32,2025-06-20
9699.12,2025-01-20
939.01,2025-09-24
6726.02,2024-01-26
4437.5,2025-03-29
8681.42,2025-11-11
1771.5,2024-11-18
6926.26,2025-05-27
8381.15,2024-01-13
9446.14,2025-07-13
6832.48,2025-01-05
4971.75,2024-10-17
6178.47,2024-11-27
8689.05,2025-08-28
5706.1,2024-09-17
303.87,2024-07-23
9309.49,2025-11-27
6895.27,2025-11-17
6765.13,2025-01-21
2156.75,2025-04-12
6588.85,2025-02-18
3938.64,2024-03-09
6512.33,2025-04-16
1065.93,2024-04-13
6578.45,2024-06-09
9994.14,2024-07-18
482.12,2024-08-03
9771.74,2024-07-30
4069.08,2025-05-22
8707.53,2024-01-16
7823.85,2025-05-12
5670.16,2024-11-27
7384.49,2025-12-17
8785.16,2025-07-04
4041.4,2025-08-23
3270.33,2024-09-12
6675.93,2025-12-28
8078.46,2024-06-20
7622.85,2025-10-10
7978.14,2025-05-12
4355.83,2025-04-15
8178.34,2025-01-18
1202.09,2025-11-20
5444.89,2025-08-11
57.59,2025-11-30
3245.86,2025-05-21
3664.62,2025-06-10
3961.73,2024-11-20
6954.67,2024-08-01
3885.58,2024-07-26
4486.94,2024-06-17
2375.44,2024-11-25
3732.52,2024-10-06
2272.7,2024-10-31
731.96,2024-05-25
6034.49,2025-05-30
6682.13,2024-03-30
6194.9,2025-03-28
4634.94,2024-02-29
3797.86,2024-11-06
8633.34,2025-06-11
5190.82,2024-08-14
4791.82,2025-04-18
256.42,2025-06-24
3412.48,2025-10-24
3801.96,2024-03-19
3988.23,2025-03-08
5801.72,2024-06-01
5336.03,2025-02-04
6079.05,2024-10-05
7648.83,2024-02-26
8129.86,2024-07-04
7181.23,2025-02-01
9555.24,2025-08-27
182.33,2024-06-06
1957.78,2025-11-23
75.63,2024-12-24
6474.75,2025-03-15
8980.31,2025-08-11
2434.82,2025-04-10
9270.35,2025-10-24
602.67,2025-03-21
9344.36,2025-05-02
3516.23,2025-06-13
1014.21,2024-03-13
4858.72,2025-12-01
2567.77,2024-01-17
2848.73,2025-06-14
3072.9,2025-12-31
8030.26,2024-11-21
5391.61,2025-09-23
3113.08,2025-09-04
6103.34,2025-06-29
7161.51,2025-08-18
2726.24,2025-12-08
4135.49,2024-07-20
1218.86,2024-12-09
1811.49,2025-06-06
6811.18,2025-02-03
1814.38,2024-08-05
5251.63,2025-03-20
7090.46,2024-08-09
1068.77,2025-01-17
5673.12,2025-08-14
2565.63,2024-01-07
9629.27,2024-09-28
4835.46,2024-01-16
8059.93,2025-02-27
5502.27,2025-06-07
434.13,2024-01-21
6331.51,2025-11-20
9514.03,2024-08-15
6016.12,2024-10-14
8191.89,2024-05-13
8842.06,2024-10-09
2280.8,2025-02-07
2120.45,2025-10-26
6109.81,2024-03-06
4110.28,2025-10-10
8398.61,2025-08-26
9000.23,2025-03-12
3534.21,2024-09-15
2368.71,2024-04-12
7805.26,2025-07-20
2748.06,2024-04-10
8226.14,2024-07-16
4237.38,2024-08-13
6675.5,2025-04-07
955.35,2024-08-24
6238.59,2024-01-26
4517.68,2024-04-30
5866.08,2025-05-20
1680.14,2024-06-30
7368.74,2025-12-11
8627.97,2025-09-25
2167.4,2025-06-26
957.15,2024-11-10
236.39,2025-09-09
6419.72,2024-09-29
6070.94,2024-08-19
5466.97,2025-02-23
2319.47,2025-03-17
3909.06,2025-05-10
5944.76,2024-01-24
4967.67,2024-04-18
9877.86,2025-12-03
1364.4,2025-05-16
6951.45,2024-01-25
4043.19,2024-07-05
4282.0,2024-10-14
7175.98,2025-09-19
6924.36,2024-12-03
9912.56,2024-02-06
1283.94,2024-05-16
1041.1,2025-05-22
7243.39,2024-08-14
5783.87,2024-11-15
2741.61,2024-06-30
794.19,2024-03-26
856.58,2025-04-11
8941.91,2024-02-22
1918.67,2024-08-22
3233.72,2025-03-08
2266.56,2025-05-10
3549.96,2024-04-09
694.24,2025-08-21
5190.6,2025-02-06
676.13,2025-01-30
8003.57,2025-06-10
2337.12,2025-02-18
5400.12,2025-09-04
8800.79,2025-11-07
6508.77,2025-04-07
5329.58,2025-06-24
3243.34,2025-09-17
3330.02,2025-09-10
6694.87,2024-12-29
9941.39,2024-05-09
6618.39,2024-03-24
5577.83,2024-09-27
7306.51,2024-08-31
4652.06,2025-01-22
601.42,2024-08-01
5622.97,2024-06-14
9576.25,2024-02-28
1753.03,2025-08-24
6900.05,2025-05-18
2009.34,2025-12-06
5358.28,2024-05-02
966.76,2025-10-09
4503.71,2025-02-16
7561.63,2024-05-18
3475.72,2024-08-16
6649.12,2024-09-30
7954.5,2025-03-14
9271.78,2025-07-15
2346.42,2024-04-27
3993.16,2025-12-14
1524.16,2025-04-27
9924.84,2025-01-29
9270.01,2025-12-03
5399.57,2025-04-04
8420.33,2025-11-23
5209.58,2024-03-18
6235.86,2025-02-15
891.24,2024-03-15
7552.7,2024-10-21
1277.13,2024-01-21
8260.68,2024-06-19
7820.28,2024-01-15
7087.45,2024-07-29
361.6,2025-07-13
3031.28,2024-03-26
2631.13,2024-05-28
3601.36,2025-11-30
876.43,2025-01-06
9369.58,2025-04-24
5538.02,2024-05-30
3055.24,2024-05-20
3969.82,2024-03-09
4472.03,2024-09-16
6005.94,2025-06-04
5156.79,2025-09-24
9193.92,2025-01-05
4969.63,2025-02-22
9921.58,2024-04-10
8514.25,2025-10-22
2085.11,2025-10-19
9305.95,2024-08-30
1163.66,2025-05-26
8174.5,2025-07-08
3806.23,2024-04-04
8779.74,2024-08-13
8680.57,2025-06-01
8059.25,2024-08-01
7900.3,2025-12-18
3046.79,2024-03-07
809.19,2025-01-30
4029.8,2025-09-03
1735.25,2024-01-12
6949.51,2024-08-24
3461.0,2025-02-02
9756.1,2025-02-10
6409.72,2025-04-24
8224.81,2025-10-08
1325.25,2024-08-09
8620.14,2024-06-04
9227.57,2025-10-15
4870.62,2025-03-03
6062.53,2024-06-06
7648.1,2025-02-19
1748.39,2024-11-21
5025.66,2025-01-05
3986.63,2024-12-09
1463.74,2024-09-18
3675.34,2024-10-09
681.72,2024-08-16
258.12,2024-10-06
1351.66,2024-10-16
9631.15,2025-11-10
5495.3,2024-02-16
9658.22,2025-12-15
4324.98,2024-08-01
3118.16,2024-01-24
5061.42,2024-11-16
4395.12,2024-09-30
1056.65,2025-07-09
6408.26,2024-11-08
2160.38,2024-12-28
6195.88,2025-10-29
6502.01,2025-01-14
1520.25,2025-12-11
613.5,2025-11-04
7807.62,2025-04-14
4598.0,2025-11-05
581.64,2024-04-25
9948.66,2025-08-27
577.81,2024-02-11
6950.35,2025-01-13
9836.79,2025-12-22
2391.8,2024-07-24
1422.49,2025-04-10
1213.85,2024-10-06
3032.75,2025-10-09
1010.46,2025-09-09
6921.61,2024-04-27
622.92,2024-08-24
5094.22,2024-11-04
9966.97,2025-03-31
8139.7,2025-04-19
6152.19,2024-04-09
3062.54,2024-09-17
6238.96,2024-10-31
5270.41,2024-12-19
4260.83,2024-10-12
1307.1,2024-11-23
8866.04,2024-04-12
4497.85,2024-03-03
1946.23,2025-11-17
3677.59,2024-10-08
4141.3,2025-03-16
8275.38,2024-10-19
7336.14,2024-01-07
7693.05,2025-09-30
110.31,2024-04-01
4161.54,2024-07-08
4813.44,2025-04-20
191.92,2025-05-25
2598.13,2025-04-06
7602.9,2024-02-22
1371.1,2025-04-30
5353.1,2025-10-05
2152.02,2025-05-04
121.21,2024-12-29
2412.01,2024-04-21
9758.74,2025-02-12
8015.37,2024-01-07
9595.77,2025-10-29
4878.54,2024-07-15
1097.36,2025-01-01
5479.59,2024-09-06
4543.77,2025-08-17
8443.57,2024-08-27
980.83,2025-01-14
4882.41,2025-04-15
1500.49,2025-12-01
3246.76,2025-03-30
7373.57,2024-12-31
4760.18,2024-10-16
3758.88,2025-02-06
3944.76,2024-02-27
4594.47,2025-06-04
7850.17,2024-10-30
8920.85,2024-04-24
9553.35,2024-07-28
7869.03,2024-02-10
3154.07,2024-06-21
6881.35,2024-08-21
4376.03,2025-08-12
2546.71,2025-09-11
8408.72,2025-02-06
384.26,2024-02-08
9017.62,2024-04-28
4614.77,2024-11-30
6372.01,2024-12-01
6593.54,2025-06-22
8951.18,2025-09-07
6366.7,2024-03-14
6139.34,2024-07-09
666.52,2024-11-19
5184.08,2024-05-26
1501.69,2024-10-10
7374.34,2024-07-31
5122.22,2025-09-26
6802.28,2025-12-18
416.73,2025-01-28
847.92,2024-12-04
7163.23,2024-01-22
720.84,2024-04-14
712.57,2025-04-10
121.08,2025-04-03
9565.01,2025-03-07
7375.08,2025-12-16
3532.51,2025-09-10
2965.36,2024-08-08
3497.03,2025-01-13
7746.54,2024-08-09
6613.71,2024-09-14
1851.96,2025-12-13
1741.09,2025-01-01
983.96,2024-12-14
6603.03,2024-08-12
7643.73,2025-12-14
2650.46,2024-08-23
209.45,2024-07-01
821.72,2025-12-12
9678.6,2025-03-19
2954.45,2025-09-14
7692.23,2024-01-06
6246.64,2024-08-23
3819.4,2024-05-06
2056.87,2024-04-13
1213.86,2025-04-24
6150.13,2024-06-03
7746.34,2024-09-13
6439.04,2024-08-22
5303.02,2025-05-14
419.51,2024-10-15
9684.89,2025-05-24
7987.14,2025-07-05
2928.22,2025-12-09
9799.7,2025-07-22
6018.82,2024-10-24
5824.23,2025-09-01
7480.73,2024-05-16
8117.7,2025-01-10
6564.79,2024-03-27
1280.96,2025-02-22
3382.68,2024-07-17
9280.84,2025-04-07
2246.16,2025-03-12
3721.67,2024-11-05
4320.77,2025-08-18
4394.05,2024-10-07
6129.4,2024-11-18
9430.76,2025-12-02
2406.93,2024-05-31
1215.01,2024-10-28
1974.7,2024-10-04
8869.25,2025-10-12
6458.11,2025-11-18
2859.07,2024-01-08
8159.47,2024-08-22
8613.7,2025-11-05
8465.14,2025-07-14
9189.27,2024-10-28
2522.41,2024-02-07
7550.42,2024-05-15
4605.39,2025-02-24
8419.99,2024-08-06
7284.91,2024-12-13
7764.47,2025-06-29
6561.62,2024-03-19
1774.29,2024-09-29
5450.27,2024-06-09
9846.7,2025-11-17
9373.88,2024-11-03
431.74,2025-01-08
1648.15,2024-01-09
1317.29,2025-03-19
7259.8,2024-04-22
8177.85,2024-07-23
2135.11,2025-02-08
5058.53,2025-11-28
8407.03,2024-07-15
7328.02,2024-04-24
5422.37,2024-04-30
5903.48,2025-10-14
5083.61,2024-03-05
2975.48,2024-10-02
5650.22,2024-08-26
6888.85,2024-10-28
8733.23,2025-01-26
6362.91,2025-06-05
7611.22,2025-01-03
1600.72,2024-08-20
4615.57,2024-07-13
93.32,2024-01-12
2466.79,2025-11-19
7264.62,2024-06-25
9918.1,2024-08-04
991.78,2024-01-11
4014.94,2025-03-21
8000.71,2025-09-21
2040.36,2024-06-12
5550.85,2025-07-04
7330.71,2024-02-22
6159.85,2024-08-05
1880.25,2025-12-18
3553.85,2024-12-25
7837.92,2025-01-19
5542.27,2024-02-25
52.3,2024-04-27
7609.91,2024-09-09
353.11,2024-06-28
7457.34,2025-02-18
2024.81,2024-08-22
9580.73,2025-12-08
3679.41,2024-03-20
3269.32,2025-10-08
1488.88,2024-01-22
3056.04,2025-04-21
8766.51,2025-03-15
9963.34,2025-07-23
3683.1,2024-04-02
4486.11,2024-07-10
7220.71,2024-04-12
8861.96,2025-01-30
5930.44,2024-01-07
3915.26,2025-10-01
4126.22,2025-07-20
6956.18,2024-08-18
32.18,2025-07-27
6195.89,2024-08-27
3554.93,2024-03-30
7941.97,2024-08-19
929.91,2025-04-01
5882.02,2024-08-20
4809.73,2024-12-19
6423.26,2024-11-28
648.54,2025-03-14
5799.84,2025-01-09
5614.85,2024-10-18
5606.6,2024-12-10
6034.88,2025-10-25
6764.68,2025-03-03
8049.89,2025-10-18
2698.21,2024-05-09
8250.49,2024-05-20
4982.56,2025-02-18
770.58,2024-04-02
585.51,2025-09-17
3342.38,2024-10-10
7848.97,2025-10-16
7076.81,2024-08-10
7886.15,2025-04-07
5172.69,2025-06-28
4401.99,2024-10-02
1474.53,2025-11-12
3281.93,2024-05-19
4340.19,2024-12-22
886.0,2025-12-13
2206.12,2024-01-23
5982.25,2024-09-26
7356.63,2025-10-26
9983.48,2024-11-28
9331.13,2024-03-25
6425.65,2025-09-12
4212.48,2024-01-31
6361.77,2024-08-27
7856.52,2024-12-28
1183.36,2025-01-23
4099.05,2025-10-14
8398.02,2025-10-29
3838.33,2024-10-25
5718.72,2025-01-05
5877.69,2024-04-08
1844.76,2024-02-16
3622.35,2025-02-25
3345.11,2025-04-24
261.97,2025-08-01
241.92,2024-03-02
8316.97,2024-04-18
2730.71,2025-11-09
5180.79,2025-07-02
2987.26,2024-04-28
9406.79,2025-08-20
2592.97,2025-01-16
4296.57,2025-01-26
8727.3,2024-02-21
8419.34,2025-08-25
1861.01,2024-10-15
8026.43,2024-12-02
4581.87,2024-07-22
4829.69,2024-08-25
1334.8,2025-01-16
806.02,2025-10-28
7279.39,2024-05-15
4964.61,2025-02-10
4368.51,2025-05-22
7295.08,2024-12-27
7655.13,2025-01-15
1589.08,2025-07-29
6102.25,2025-09-26
1353.54,2024-09-10
7513.75,2025-04-21
6569.55,2024-04-23
9566.15,2024-01-20
689.58,2025-06-11
570.55,2024-05-24
2821.87,2024-07-26
2617.06,2025-06-14
2469.79,2025-01-10
9062.55,2025-05-18
2495.46,2024-06-14
2719.5,2025-07-03
7593.98,2024-06-29
4497.4,2025-09-08
7767.11,2025-09-03
653.66,2025-08-24
4875.71,2025-03-19
336.14,2024-11-27
626.53,2025-05-17
9064.37,2024-03-19
1392.45,2025-08-07
5324.21,2025-11-18
4110.96,2025-01-30
3473.43,2025-08-30
8998.33,2024-04-12
218.23,2025-02-05
6637.9,2024-08-11
9633.94,2025-06-01
5601.68,2025-09-25
9368.22,2024-08-23
522.58,2025-03-02
4187.93,2024-04-25
2601.58,2024-06-11
7308.21,2024-08-13
9812.97,2024-08-17
2565.3,2024-06-30
6541.75,2024-09-05
1980.98,2024-11-13
5653.3,2024-07-28
4639.32,2025-10-17
9720.05,2025-01-26
6085.27,2024-04-05
3495.06,2024-03-26
1140.96,2025-02-18
1512.47,2025-01-28
2253.17,2025-11-26
2509.67,2025-09-24
8506.16,2025-05-15
5612.23,2025-08-26
5233.91,2025-08-04
1147.69,2024-05-12
8601.4,2025-10-10
7228.14,2024-11-09
676.68,2025-11-29
7078.35,2024-08-08
5435.38,2025-03-13
817.25,2024-02-15
4583.01,2024-07-10
4846.96,2025-06-03
1657.75,2025-01-13
9456.98,2025-11-21
8499.75,2024-11-29
6690.22,2024-02-08
4622.96,2024-10-19
4117.66,2025-11-20
6509.73,2024-06-10
5454.32,2024-11-26
622.73,2024-04-13
5125.03,2024-06-09
8064.04,2025-09-26
4592.4,2024-02-23
519.57,2024-02-03
7862.78,2024-08-29
2013.64,2024-04-22
2586.21,2024-11-13
1647.06,2024-01-23
3302.15,2025-07-11
7567.52,2025-10-08
5193.86,2024-04-27
2048.81,2025-12-01
8778.3,2025-10-04
8795.82,2024-07-30
8705.78,2025-02-21
2387.96,2024-04-22
4512.39,2024-02-13
9849.9,2024-05-07
7720.12,2024-06-06
271.67,2025-01-28
652.05,2025-05-26
4639.31,2024-02-14
9092.2,2024-04-17
5387.02,2024-08-06
4978.13,2025-03-18
1054.74,2024-11-10
6567.8,2024-06-25
8221.03,2024-08-15
3804.2,2025-12-03
7756.12,2025-11-02
9644.77,2024-09-23
2037.66,2025-01-13
5233.3,2025-05-03
2871.38,2025-12-02
7928.54,2025-11-17
5775.93,2024-10-16
6345.82,2024-12-22
7979.14,2025-10-18
3959.7,2024-07-22
9150.9,2024-07-31
5330.29,2025-07-05
1579.55,2024-11-18
6958.99,2025-08-16
7932.61,2024-06-29
3167.62,2025-05-13
8571.79,2024-11-15
9061.43,2024-03-23
2769.04,2024-10-29
9835.21,2024-09-18
1407.12,2024-07-18
2020.16,2024-08-27
1842.25,2025-11-22
8939.9,2025-11-13
6542.93,2024-10-21
1521.04,2025-05-26
4403.23,2025-11-19
6152.98,2025-01-30
834.64,2024-05-17
8824.16,2024-05-08
8036.04,2024-02-18
5052.07,2025-11-06
9671.27,2024-10-19
4177.61,2025-09-19
9841.1,2025-06-19
6679.2,2024-11-06
6346.71,2025-06-20
1659.55,2025-09-30
8819.28,2024-08-21
4274.9,2024-07-27
1622.33,2025-08-27
126.08,2024-04-03
5597.56,2024-11-22
5274.0,2024-08-12
7193.54,2024-01-11
8902.58,2024-11-24
794.07,2024-01-12
7314.96,2024-02-04
1874.12,2025-03-22
8581.77,2025-03-27
8190.64,2024-08-07
5407.94,2025-03-16
7102.43,2025-10-14
3143.5,2025-06-18
4711.68,2025-08-17
8216.37,2024-08-16
4592.65,2024-12-09
3577.98,2024-03-20
4942.12,2024-12-18
8282.49,2025-01-30
3352.08,2024-10-16
1737.62,2025-03-30
7120.14,2025-11-01
8259.78,2024-05-07
1006.37,2025-12-02
2398.74,2025-06-26
1419.72,2024-12-24
3479.41,2025-06-10
4503.51,2024-11-08
7488.26,2024-03-15
6511.48,2025-06-29
6209.29,2024-07-14
3523.75,2024-01-29
8414.48,2025-12-06
4712.87,2024-01-16
9791.05,2025-02-26
6341.42,2025-08-11
1262.65,2025-08-15
6761.78,2025-02-08
3251.04,2025-09-27
6863.27,2025-06-14
696.41,2025-09-05
1748.81,2024-03-17
8557.37,2024-08-16
2271.8,2024-10-23
8370.41,2025-05-24
2792.76,2025-12-15
6428.82,2025-07-26
6941.51,2025-06-21
5126.55,2025-08-05
3053.11,2025-09-06
2126.44,2024-11-21
331.89,2024-12-28
3039.46,2025-10-30
6531.63,2024-12-24
9383.05,2025-12-06
8712.04,2024-11-19
7660.65,2025-11-28
7884.47,2024-11-21
6649.85,2025-09-16
2602.87,2024-06-13
9071.95,2025-07-26
6707.32,2025-08-26
5604.41,2025-03-30
1109.89,2024-06-01
4470.56,2024-05-06
4603.58,2024-07-11
8645.64,2025-09-18
5466.48,2025-06-13
3804.01,2024-01-10
9768.0,2024-04-01
1107.21,2024-05-18
4225.48,2025-04-25
420.25,2025-03-24
7399.04,2024-11-28
9180.77,2024-12-05
2800.37,2024-02-21
8583.42,2025-12-07
2922.18,2025-04-10
9107.7,2025-12-18
7539.62,2025-04-19
8049.07,2025-02-04
180.07,2025-03-14
9628.1,2025-08-27
7266.71,2025-10-18
3047.51,2025-08-20
8293.95,2025-05-23
2815.21,2024-06-01
8727.54,2025-05-28
1125.8,2025-05-17
7036.86,2025-11-06
5406.98,2024-01-06
965.34,2025-05-14
2418.94,2025-10-22
124.04,2025-12-17
4687.68,2024-04-27
3012.65,2025-04-29
5983.57,2025-08-23
2972.38,2025-10-27
2999.19,2025-11-09
7431.93,2025-04-12
481.43,2024-06-09
9028.95,2024-09-26
8522.64,2024-02-25
6678.05,2024-08-15
5932.22,2024-05-28
8923.02,2024-02-15
1853.3,2024-05-23
789.69,2025-09-23
2395.1,2024-12-05
7945.78,2025-02-16
346.7,2025-06-03
5828.07,2024-12-09
9954.38,2025-01-21
8556.96,2025-04-17
5214.46,2024-10-01
636.41,2024-12-18
8313.74,2024-03-06
5989.79,2024-03-19
1149.33,2025-08-20
938.57,2025-09-27
9096.27,2024-07-20
6692.0,2025-10-23
8292.87,2025-07-11
8789.79,2024-04-22
5717.72,2024-03-31
5174.46,2024-05-20
4304.27,2024-10-15
3169.47,2025-12-30
4345.96,2025-08-11
7738.8,2025-02-14
6019.23,2025-01-11
8925.23,2025-01-18
4433.8,2024-05-31
6070.9,2025-09-18
6313.08,2024-11-14
5916.97,2025-01-03
7026.34,2025-08-28
2374.33,2025-07-13
5123.64,2025-12-03
1042.25,2025-04-06
3845.11,2024-01-12
4876.67,2024-06-04
6522.24,2025-11-14
9505.31,2025-04-21
6006.51,2025-02-04
7435.94,2024-06-25
5062.66,2024-12-06
6341.04,2024-02-26
709.32,2025-03-23
2543.92,2024-07-21
3618.53,2025-11-27
4724.93,2025-09-24
456.49,2024-07-20
1400.24,2024-11-25
2768.14,2024-12-28
9715.33,2025-03-29
3313.47,2024-12-21
4820.41,2024-08-03
1960.98,2025-07-08
6107.8,2024-01-23
2806.83,2024-06-03
2069.93,2024-07-04
5165.73,2024-09-05
55.06,2024-05-13
76.64,2024-11-16
2190.69,2025-01-24
367.21,2025-03-09
1080.26,2024-01-22
3388.61,2025-08-22
8025.86,2025-10-26
5720.49,2024-05-04
5126.68,2024-03-19
2934.89,2024-02-20
9317.54,2025-12-28
3970.15,2024-06-24
870.93,2024-09-09
6170.67,2024-09-02
1138.38,2024-04-15
3452.23,2024-07-11
5074.12,2024-11-11
8742.23,2024-10-28
4935.47,2025-07-01
7022.59,2025-12-16
9928.17,2024-09-24
1314.89,2024-06-18
2747.32,2025-07-04
3945.76,2025-03-30
4218.28,2025-10-12
4110.21,2024-10-18
9076.11,2025-07-17
7140.33,2024-05-20
6079.05,2024-05-25
3093.73,2025-02-28
8237.9,2024-11-09
9550.61,2024-07-02
8211.98,2025-10-25
15.65,2025-12-13
6364.01,2024-05-07
511.35,2024-10-13
2576.07,2024-09-09
595.25,2025-11-30
6037.95,2025-01-20
6865.9,2024-08-17
1144.88,2024-09-27
3838.39,2025-02-18
4562.37,2024-07-16
3690.53,2024-11-18
1210.25,2024-02-25
4189.48,2024-07-21
7511.78,2025-09-12
710.08,2025-09-19
801.8,2025-08-26
3547.71,2024-05-17
9417.26,2025-02-25
6685.73,2024-02-26
6786.7,2025-07-15
3619.2,2024-03-11
5936.61,2025-08-16
101.31,2025-01-06
6360.96,2025-09-08
9132.87,2025-08-22
6125.73,2025-05-28
8736.99,2024-03-24
7239.73,2024-02-12
1205.58,2025-10-27
9024.53,2025-08-28
664.44,2024-05-12
5339.67,2025-01-29
1421.37,2024-03-05
117.07,2024-10-16
4220.34,2025-01-10
2950.41,2025-04-11
4860.0,2024-07-31
5772.0,2024-05-27
437.39,2025-07-26
1230.03,2025-04-15
5586.42,2024-05-28
3431.67,2024-03-28
7291.73,2024-11-19
6522.92,2025-01-30
8456.04,2025-02-07
6924.93,2024-03-22
4299.31,2025-10-02
6729.67,2024-10-12
2753.81,2025-01-16
3063.13,2024-09-26
7889.85,2024-10-18
4464.2,2025-03-28
7983.8,2025-12-15
8224.22,2024-01-24
8575.62,2024-11-06
9166.35,2025-04-05
4309.85,2024-07-26
3188.67,2025-12-17
5821.99,2025-10-25
3711.72,2025-03-13
6010.74,2025-06-21
7055.86,2025-12-06
6884.05,2024-12-01
3745.53,2025-02-25
1668.6,2024-11-16
4305.29,2025-05-11
1425.94,2025-08-09
8900.97,2024-06-11
3458.77,2025-06-24
1544.6,2024-06-13
254.48,2025-11-28
6458.22,2025-07-19
6369.02,2024-10-21
3406.04,2024-02-11
717.12,2024-10-11
4096.29,2025-01-21
3112.17,2024-05-17
6771.21,2024-07-05
6057.79,2025-12-16
3645.94,2025-03-06
2178.93,2025-07-07
9880.36,2025-02-19
4540.02,2025-03-01
6882.74,2025-02-19
1405.53,2024-01-26
4855.9,2025-01-05
275.37,2025-01-19
5054.55,2024-02-25
9640.17,2024-09-09
3842.07,2025-09-25
389.96,2024-04-15
309.56,2024-05-09
3879.87,2025-10-31
1600.25,2025-01-10
233.52,2024-11-03
7562.14,2024-03-31
4585.23,2025-01-27
2892.45,2025-06-17
9000.83,2024-04-19
1161.39,2025-07-14
9559.19,2025-10-02
3139.67,2025-08-07
8884.04,2024-12-05
6029.43,2025-07-18
8267.07,2024-12-21
9840.13,2024-06-16
2884.05,2025-07-10
9611.35,2025-03-27
3894.82,2024-04-14
3855.12,2024-05-29
3403.87,2024-05-25
5414.08,2025-12-16
1541.45,2024-10-25
5537.11,2024-06-15
5417.05,2025-12-13
7619.02,2025-10-07
8336.5,2025-12-23
4404.41,2024-02-17
3023.33,2025-09-29
2593.35,2024-08-26
1946.24,2024-01-07
576.48,2025-04-08
3424.48,2025-03-28
2702.48,2025-01-05
9664.17,2025-07-02
5577.09,2025-05-01
3472.77,2024-07-29
5804.68,2024-06-13
1391.97,2024-05-04
4440.44,2024-12-02
6262.34,2024-07-10
4888.98,2025-12-30
4017.79,2024-08-01
9938.48,2025-07-27
8803.15,2024-11-23
6234.06,2025-01-15
5693.77,2025-11-03
6206.6,2025-07-31
2013.12,2024-08-26
3951.38,2025-06-15
394.6,2025-11-30
4755.46,2024-03-22
5430.25,2024-12-28
2277.5,2025-05-19
9640.29,2024-07-20
9094.55,2025-05-18
7221.43,2025-10-05
5333.87,2024-02-06
8699.69,2025-10-05
1306.52,2025-08-11
7905.1,2025-08-23
1248.21,2025-02-05
7942.11,2025-12-06
2757.68,2024-06-24
8770.91,2025-06-28
9440.42,2025-07-23
1487.96,2025-04-11
4626.76,2024-07-19
9809.87,2025-06-23
4834.07,2025-06-30
8635.48,2025-09-28
5887.32,2025-01-28
3753.3,2024-02-11
2857.84,2025-08-19
2032.23,2025-01-27
7617.98,2025-11-30
3865.41,2025-09-14
5112.75,2025-03-16
4923.25,2025-09-08
5772.79,2025-05-20
8655.77,2024-11-15
9807.39,2025-07-06
4075.84,2024-08-02
8275.19,2024-03-11
7645.28,2025-07-21
5735.29,2024-08-23
9560.47,2024-10-07
2004.75,2025-09-08
1092.64,2024-06-10
8539.62,2024-07-09
4391.5,2024-01-09
8469.69,2024-02-29
8930.9,2024-08-12
624.58,2025-11-30
8834.65,2025-08-04
4483.19,2024-10-13
5104.32,2024-06-17
6265.93,2024-03-02
9263.83,2024-12-14
191.16,2025-03-17
4768.43,2024-01-14
6877.22,2024-06-12
7227.07,2025-02-23
6925.32,2025-06-03
1344.35,2025-10-27
2993.96,2025-07-01
3587.16,2025-07-13
8044.37,2025-08-19
2787.6,2024-01-28
2107.05,2025-12-08
9574.48,2025-03-21
88.63,2024-07-26
9978.21,2025-04-14
6768.21,2025-12-16
8284.69,2024-04-13
2946.19,2025-03-01
143.15,2024-04-10
7378.7,2025-06-24
8341.45,2025-09-30
7404.76,2025-06-05
1428.5,2024-04-15
7534.28,2025-11-09
7689.23,2024-10-03
6585.41,2024-03-05
7661.16,2024-07-06
8459.21,2024-11-12
6136.04,2024-05-17
886.05,2024-12-08
4876.28,2024-04-14
776.49,2025-06-29
4075.43,2025-01-14
4071.06,2024-04-19
660.1,2025-06-28
3488.21,2024-12-19
1109.98,2024-11-12
8082.35,2024-09-22
9476.88,2025-11-24
723.16,2024-03-05
9551.15,2024-11-28
5225.77,2025-05-27
2995.66,2024-05-12
768.62,2025-08-14
5006.24,2025-06-23
7945.16,2025-06-18
7070.86,2025-05-10
502.26,2025-09-12
729.02,2025-09-10
4028.73,2025-10-18
2952.9,2025-01-03
2323.84,2025-10-12
2810.04,2024-04-08
8034.83,2024-11-12
9292.28,2024-05-02
4051.03,2024-11-15
9061.11,2025-08-15
3214.96,2025-05-09
4764.37,2025-04-01
2260.29,2025-06-05
6404.76,2025-06-03
9789.81,2025-12-17
6034.93,2024-11-10
3578.14,2025-12-09
6478.17,2025-12-10
1229.21,2025-06-25
8886.59,2025-04-23
5030.84,2024-01-20
4493.5,2025-07-13
5858.65,2024-05-09
6247.84,2024-10-19
717.76,2024-05-11
6826.17,2024-12-21
2419.32,2024-02-23
7139.53,2025-01-21
8225.35,2024-09-21
8039.59,2024-08-02
5525.01,2025-04-04
5201.7,2025-04-02
1428.76,2024-02-12
7753.46,2025-08-08
2714.09,2024-10-04
4966.95,2024-05-09
2842.74,2024-12-15
1338.28,2025-12-06
6295.58,2025-06-27
543.32,2024-04-15
7486.45,2025-12-16
3175.87,2024-01-01
1.35,2025-08-06
5111.29,2025-03-07
468.52,2024-11-01
2761.7,2025-06-10
7069.76,2024-02-22
626.9,2025-06-03
8393.38,2024-11-25
38.2,2025-07-11
2468.24,2024-11-20
7409.04,2024-04-23
3162.7,2024-05-26
1018.92,2024-06-14
3602.34,2025-01-13
2703.93,2024-05-18
8427.12,2025-09-20
3133.48,2024-10-25
7889.32,2024-10-02
8918.72,2024-06-26
4338.17,2024-12-19
9099.43,2024-06-02
3773.18,2024-07-19
9640.78,2024-04-24
892.9,2025-11-01
6870.19,2025-07-07
4938.14,2024-03-08
3876.49,2025-03-20
6327.12,2025-03-20
7038.57,2024-11-21
43.63,2025-12-08
1669.53,2025-08-24
7130.46,2025-09-14
6663.85,2024-12-24
9660.48,2024-05-24
7610.38,2024-10-01
9507.73,2025-05-23
7025.41,2024-06-27
2980.52,2025-04-21
1053.65,2025-02-17
7818.24,2024-06-01
6441.49,2024-04-13
481.86,2024-03-15
3600.5,2024-05-07
9568.0,2025-12-11
5004.01,2025-10-27
4327.29,2025-07-21
4577.0,2024-12-10
2088.83,2025-06-14
3687.07,2024-06-07
3698.13,2025-06-21
523.55,2025-03-01
7675.68,2025-11-11
4165.04,2024-01-23
8221.8,2024-02-16
8503.48,2025-06-08
2119.94,2025-12-29
6573.53,2025-12-06
4722.82,2024-05-23
8801.57,2025-08-07
2157.41,2025-10-29
6778.13,2025-08-11
6077.52,2025-02-22
2953.01,2025-11-11
1366.01,2024-03-25
6516.4,2025-02-19
7385.97,2025-11-24
3156.27,2025-04-26
6448.33,2025-03-31
3951.31,2024-10-23
7132.07,2024-04-21
1992.15,2024-08-17
8902.15,2024-04-05
2874.1,2025-11-10
3677.86,2025-01-12
580.92,2024-06-04
1115.12,2025-02-24
5158.62,2024-04-14
2675.93,2025-12-05
8354.8,2024-11-25
146.93,2025-03-14
3790.94,2024-05-11
3373.46,2025-01-16
193.28,2024-05-17
1243.68,2024-09-26
4136.43,2025-07-03
4928.65,2025-01-30
4042.9,2025-07-10
5309.38,2025-04-08
5951.32,2025-11-05
99.24,2025-03-25
4640.95,2024-11-26
9634.99,2024-09-09
5190.32,2025-11-11
6775.42,2024-10-11
3118.64,2024-09-30
7739.91,2024-01-20
7729.21,2024-08-26
5212.96,2024-09-26
9760.14,2025-02-21
1255.5,2024-11-05
169.48,2024-01-31
7701.58,2024-04-13
8071.56,2025-11-12
1202.07,2024-07-04
2655.83,2024-05-07
175.52,2024-07-28
2933.09,2025-02-17
7731.42,2024-10-07
5179.61,2024-09-09
3480.96,2024-01-19
3717.39,2025-12-12
13.54,2024-05-15
2998.01,2024-08-10
6464.59,2024-01-03
9741.94,2024-08-23
8470.61,2025-04-09
235.95,2024-08-15
8985.61,2025-10-15
7831.98,2025-05-13
7803.76,2025-06-04
4579.96,2025-12-02
3980.05,2025-11-07
3029.16,2024-05-18
656.95,2024-10-02
2282.35,2024-10-17
2466.04,2024-02-22
4840.77,2025-11-17
7474.44,2024-04-19
4738.1,2025-12-15
578.44,2025-10-09
9577.9,2024-01-04
9427.24,2025-10-28
7851.9,2025-11-14
9913.28,2024-02-16
5444.82,2024-04-03
9627.68,2025-07-13
756.05,2024-07-31
3656.81,2025-03-11
2253.81,2025-05-22
1958.33,2025-10-12
1408.03,2024-07-23
6224.14,2025-01-15
7813.22,2024-03-13
5782.98,2025-05-30
1469.63,2024-03-16
8111.24,2024-03-17
6359.55,2025-02-13
3881.66,2025-09-05
6741.3,2024-04-15
2599.05,2025-07-04
3451.92,2025-04-20
9174.86,2024-10-01
2905.05,2024-03-28
4699.88,2025-12-23
8901.41,2024-03-17
7077.21,2024-03-17
622.03,2025-03-17
1473.03,2025-06-23
78.42,2024-09-01
6309.22,2025-07-31
4476.73,2025-01-16
1342.75,2025-12-17
9579.34,2025-07-23
5296.6,2025-12-13
2418.93,2024-05-21
5006.04,2025-01-02
6796.2,2024-03-24
762.39,2024-05-22
2747.04,2024-12-17
8069.65,2025-06-28
4596.65,2024-05-31
5465.77,2024-06-06
4328.16,2025-03-21
439.0,2025-10-14
1657.5,2024-10-29
4455.42,2025-09-15
2091.85,2025-10-17
499.79,2025-03-25
8436.5,2025-12-21
9811.93,2024-08-11
7931.43,2024-02-12
8537.85,2024-09-20
2419.77,2024-01-03
9606.27,2025-09-28
1969.26,2024-09-24
9514.3,2025-08-18
9948.19,2024-01-16
7117.23,2024-11-29
9811.44,2025-04-08
5695.4,2024-02-28
2595.42,2024-06-25
4369.96,2024-03-03
5935.61,2025-07-14
730.82,2024-11-02
6223.43,2024-09-02
9811.78,2024-10-15
1901.08,2024-11-27
7925.95,2025-06-10
9078.99,2024-09-11
9437.02,2025-08-26
9601.36,2025-05-24
5214.6,2025-12-18
9773.08,2025-08-28
7573.1,2025-04-07
1616.71,2024-07-17
4769.0,2024-09-27
7183.31,2025-07-11
2473.4,2024-03-04
6406.15,2024-08-17
6666.0,2024-09-05
1627.0,2024-09-02
5650.85,2025-08-09
7716.27,2024-06-05
4988.96,2025-12-02
121.03,2025-07-17
90.38,2024-03-28
3570.29,2024-11-08
9261.94,2024-03-06
2286.77,2025-10-23
6343.64,2024-01-20
2220.76,2024-02-02
3216.7,2025-07-11
8480.42,2024-03-13
7288.61,2024-12-08
953.99,2024-05-12
4287.02,2024-02-24
291.7,2024-03-01
4808.9,2025-06-03
6624.34,2024-09-28
1185.03,2024-09-02
2888.85,2024-06-24
3978.37,2025-09-19
9195.31,2024-11-12
9932.55,2025-12-05
449.11,2025-10-23
7610.08,2024-05-10
3717.24,2024-04-11
3924.58,2024-11-05
7542.65,2024-10-18
9184.26,2025-12-22
9509.29,2025-05-09
5771.23,2024-12-26
3571.21,2024-12-03
7875.49,2025-08-01
2510.01,2024-01-10
5640.74,2024-02-18
3585.78,2025-05-01
6566.31,2025-09-14
2403.99,2024-11-16
1915.93,2025-12-31
9182.39,2025-07-22
1018.04,2025-09-16
5059.58,2024-05-12
2208.53,2025-08-05
389.3,2024-03-23
360.19,2024-02-26
1752.22,2025-01-10
8667.7,2024-12-14
2824.79,2024-09-27
9504.59,2025-04-27
5816.22,2024-04-20
4366.14,2024-03-16
5800.89,2024-06-06
5166.98,2025-06-15
7587.76,2025-10-04
2824.96,2024-11-24
3530.5,2024-05-01
8940.94,2024-02-10
9464.57,2024-06-15
8925.58,2025-10-03
4194.48,2024-01-23
7803.66,2024-10-05
4763.36,2025-04-13
4975.4,2025-02-03
2046.8,2024-01-09
5911.3,2024-01-13
1861.36,2024-02-21
3315.65,2024-07-27
8550.3,2025-07-03
2070.76,2025-09-03
711.58,2025-12-05
690.08,2025-02-05
9407.85,2024-07-09
5069.2,2024-02-20
4094.12,2025-01-27
8108.79,2025-10-14
8358.26,2025-11-10
3321.91,2025-09-12
6936.18,2025-12-19
7711.23,2024-10-26
6546.51,2025-09-13
1515.95,2024-07-14
8758.83,2025-02-20
5390.95,2025-10-25
2824.72,2025-02-23
4252.28,2025-10-01
375.71,2025-09-08
1278.67,2025-06-05
7655.47,2024-12-21
0.12,2024-05-27
4165.66,2024-12-30
5225.1,2024-12-29
546.34,2025-10-13
9730.78,2025-12-02
2261.25,2025-02-05
3041.99,2025-08-28
3039.43,2025-05-06
2304.17,2024-08-16
14.74,2025-07-28
7293.45,2025-06-20
9668.45,2024-09-24
2242.93,2025-02-08
6630.47,2024-01-11
7418.96,2024-11-15
8484.25,2025-12-13
4226.29,2024-05-05
3029.31,2024-11-01
3252.95,2025-12-02
7126.21,2025-05-25
8167.79,2024-03-29
1816.14,2024-12-20
3709.41,2025-09-19
9019.4,2024-12-17
8066.94,2025-11-19
9848.58,2024-01-14
7542.48,2024-09-13
3931.95,2024-07-27
5906.38,2024-10-07
6610.14,2025-03-18
784.56,2025-01-23
5444.97,2025-09-08
7093.21,2025-04-27
1673.21,2024-05-26
7806.32,2024-10-05
5837.73,2025-06-04
9522.22,2025-09-21
424.22,2025-08-28
2653.26,2025-03-09
6015.54,2024-05-23
2965.6,2024-10-15
7144.24,2025-01-20
7590.05,2024-01-14
1025.16,2024-09-13
5138.54,2024-12-11
5088.91,2025-11-28
3692.81,2024-12-10
9329.25,2025-02-03
8275.06,2024-07-25
6972.09,2024-06-20
7143.27,2025-04-08
4617.16,2024-09-26
9209.95,2024-08-08
6945.95,2024-05-31
7289.81,2025-09-14
8616.91,2024-07-01
2740.72,2025-02-02
8070.71,2024-03-12
1952.41,2025-02-21
3453.42,2024-10-09
3356.1,2024-03-14
9785.25,2024-12-20
8565.37,2025-12-27
7011.7,2025-05-11
7270.57,2024-11-23
5620.73,2025-06-18
9470.91,2025-08-02
4962.59,2025-03-22
3805.18,2025-01-07
1630.35,2024-12-27
7862.06,2024-04-02
7344.44,2024-11-16
3843.55,2024-11-19
251.93,2025-01-18
8389.97,2025-07-28
114.18,2024-12-11
7037.0,2024-04-12
9702.57,2024-08-02
4376.61,2024-07-10
2349.73,2025-11-02
7048.71,2025-12-19
8171.28,2024-07-12
5464.3,2025-01-14
9670.35,2025-02-06
516.69,2025-10-25
5047.96,2025-08-22
7184.54,2024-01-11
8626.4,2024-07-05
1792.56,2025-12-26
8000.03,2024-01-15
5527.07,2024-10-23
3965.54,2025-02-14
1317.15,2025-08-07
8652.96,2024-02-21
1572.73,2025-10-01
3097.88,2024-01-28
2900.46,2025-07-30
8714.14,2024-01-17
6727.03,2024-12-16
7966.81,2025-03-03
2504.68,2025-10-11
6248.74,2024-08-16
5717.46,2024-07-28
8328.3,2025-03-06
9060.87,2024-10-20
121.57,2025-08-04
6740.2,2024-04-13
518.36,2024-07-22
5488.59,2024-02-22
2876.33,2025-01-09
3067.77,2024-02-23
3529.59,2024-10-02
6212.92,2024-11-30
3340.5,2024-01-31
7326.99,2024-05-14
4045.27,2024-02-27
683.53,2024-04-14
7837.6,2024-09-22
2857.58,2025-06-05
4327.67,2025-05-10
6854.44,2024-09-09
3324.56,2024-10-21
565.86,2025-10-29
3739.21,2024-06-06
9444.49,2025-07-02
6417.34,2025-09-22
6714.79,2024-03-07
6322.82,2024-10-25
1989.92,2025-04-07
4183.34,2025-12-25
7509.4,2024-04-10
1013.73,2024-02-25
2778.53,2024-11-27
2763.19,2025-01-27
4320.19,2025-01-15
9803.69,2024-04-01
675.03,2025-03-22
5187.01,2024-04-18
1793.65,2024-11-12
9706.77,2024-06-16
1133.04,2025-03-10
4036.01,2025-03-17
7378.85,2024-08-05
7045.54,2024-08-09
4227.29,2025-11-03
3465.24,2025-06-11
3976.12,2024-10-04
2642.76,2025-07-22
2053.33,2025-07-27
4830.4,2025-04-10
2685.34,2025-08-24
2874.62,2025-08-06
6567.56,2024-01-30
9685.37,2024-12-24
6036.37,2024-10-14
769.79,2024-03-26
755.84,2024-08-21
9514.23,2024-11-08
2972.91,2024-12-30
920.67,2024-09-25
5990.45,2025-11-28
6236.49,2024-05-10
6485.05,2024-12-16
2674.02,2024-06-28
151.11,2025-04-24
9650.15,2024-06-11
2508.93,2024-04-05
6760.26,2025-05-24
7066.3,2024-12-30
6100.07,2024-12-18
3129.07,2025-03-11
2710.96,2024-03-23
5976.68,2024-08-12
8660.96,2025-02-15
9467.34,2024-04-27
1059.06,2025-04-26
1548.29,2024-07-10
9447.36,2025-08-13
7365.35,2025-08-12
8829.94,2025-10-20
2026.33,2024-04-16
5875.86,2025-01-16
7011.4,2025-01-24
6801.12,2024-08-31
4081.52,2025-08-07
153.95,2025-04-12
5829.26,2025-06-21
2531.02,2024-07-28
4502.54,2025-08-26
9575.81,2025-09-28
3990.35,2024-03-13
8398.02,2025-09-26
1885.41,2024-11-04
6724.6,2025-11-26
9770.07,2025-11-29
1018.93,2025-12-10
83.2,2025-08-12
4335.83,2024-07-04
926.25,2024-09-09
7483.84,2024-01-13
9145.49,2024-10-25
4340.21,2024-03-16
2587.12,2024-02-20
4344.03,2024-05-28
7234.48,2025-12-31
90.54,2024-05-01
5894.54,2024-07-29
6132.92,2024-10-06
6376.88,2025-06-21
2420.22,2025-11-15
7140.53,2024-06-04
913.91,2024-08-25
1992.7,2025-01-10
8774.7,2024-03-22
7387.23,2025-05-06
137.46,2024-12-21
2483.76,2024-09-29
2144.06,2025-08-02
2708.06,2024-02-13
2475.6,2025-07-26
625.26,2024-05-02
4589.41,2024-12-14
7327.33,2025-12-08
6067.32,2024-11-25
6728.72,2025-02-12
811.49,2024-11-18
9514.91,2024-04-20
8384.92,2024-03-29
8050.9,2025-03-08
8229.84,2025-12-10
9327.11,2025-12-12
5442.54,2024-04-08
2002.82,2025-06-22
6167.84,2025-08-23
7428.81,2024-05-25
7379.17,2025-11-24
5214.49,2024-09-13
684.59,2024-07-07
3711.13,2024-08-27
9207.67,2025-05-17
5844.49,2025-12-08
5383.32,2025-11-07
2688.54,2024-09-27
3684.49,2025-06-03
8953.46,2025-07-03
6664.63,2024-04-23
7873.87,2024-12-04
4543.45,2025-07-21
6302.47,2024-12-24
2483.84,2025-10-11
7054.61,2025-09-05
4276.01,2024-11-29
4425.46,2025-11-19
6493.22,2024-06-17
9362.81,2024-12-04
640.06,2024-09-17
8247.43,2024-07-17
2923.83,2024-07-29
4439.19,2024-10-13
219.13,2025-11-22
3010.46,2025-04-16
5026.31,2025-04-26
561.76,2024-01-23
4910.96,2025-07-13
9271.11,2024-04-18
1053.93,2024-10-22
7644.41,2024-01-06
4096.71,2025-07-03
6551.74,2025-11-11
2602.37,2024-07-21
1594.92,2024-11-20
1604.63,2024-08-31
704.92,2024-11-22
1856.47,2024-02-16
6642.19,2025-08-13
8816.91,2025-09-13
8141.26,2024-01-13
6851.34,2025-01-14
1104.32,2024-12-30
2891.87,2025-08-24
3098.07,2024-12-07
2499.57,2024-08-08
5150.06,2024-03-13
5355.54,2025-09-16
3568.86,2024-02-15
3537.89,2025-05-18
8285.56,2024-09-30
7892.93,2025-07-08
3077.96,2024-07-26
9137.88,2025-09-06
9528.15,2024-05-03
3267.43,2024-01-10
3544.25,2024-11-24
5056.34,2024-07-05
9411.21,2025-06-26
8763.19,2025-10-29
1025.68,2024-02-29
3927.31,2025-03-17
5533.71,2024-08-04
5031.32,2024-01-02
1938.63,2025-06-19
8588.17,2025-12-18
6769.41,2025-12-11
8379.08,2024-12-21
8587.64,2025-09-17
7483.56,2025-10-28
4392.11,2024-06-13
6105.47,2024-03-31
1603.65,2024-06-15
6736.45,2024-07-25
1792.53,2024-10-08
6939.5,2024-03-05
2295.98,2025-05-30
1175.51,2024-06-05
1652.84,2024-11-01
19.92,2025-01-29
7187.4,2024-03-14
7324.01,2024-07-05
5149.33,2025-07-27
1613.63,2024-12-02
835.54,2025-11-06
191.29,2025-07-21
1657.48,2025-09-14
8908.56,2025-12-30
2415.37,2024-08-27
3542.71,2025-06-16
1053.45,2024-05-20
2223.61,2024-09-21
5192.25,2024-05-18
6077.53,2025-04-03
2453.52,2024-03-10
577.32,2025-01-19
3910.33,2025-09-21
2342.03,2024-07-16
2195.54,2024-07-23
9598.63,2025-12-26
6163.0,2025-07-21
5568.78,2025-11-17
4157.75,2025-10-01
4289.44,2025-03-06
5409.05,2024-11-20
6964.3,2025-03-17
7021.46,2024-10-14
1716.94,2024-08-13
5001.13,2024-03-04
4119.58,2025-07-13
8705.27,2025-12-14
6314.19,2025-05-12
5325.04,2024-02-29
1153.95,2025-01-31
6056.38,2024-09-13
1172.04,2025-07-30
3372.07,2024-08-26
1428.42,2024-02-07
6920.74,2024-01-25
2062.52,2025-02-13
3918.59,2025-04-05
8956.75,2025-07-24
2043.16,2025-02-20
5078.05,2024-12-22
4192.72,2025-01-17
181.24,2024-06-06
7927.58,2025-07-22
690.46,2025-03-08
4742.55,2024-02-17
5606.78,2024-11-23
6284.26,2025-03-08
6886.32,2025-03-06
2532.72,2024-02-25
99.79,2025-07-30
7234.44,2024-09-24
5356.57,2024-03-09
8361.18,2025-12-28
8213.88,2025-08-23
8433.26,2025-03-24
4850.95,2024-09-13
3336.28,2025-11-02
7915.58,2025-05-04
4512.94,2025-10-04
1834.42,2024-02-18
8549.74,2025-10-20
8825.6,2024-11-11
4663.1,2025-02-16
757.0,2025-03-09
3878.26,2024-01-02
8035.38,2024-05-24
9017.74,2024-12-31
2034.73,2025-02-23
669.74,2025-07-26
8773.5,2025-07-14
3894.05,2025-03-19
5417.61,2025-03-09
9680.66,2025-10-04
665.65,2025-07-08
6483.18,2024-02-26
741.05,2025-07-15
3754.69,2024-06-26
8038.15,2024-10-19
4334.72,2024-02-15
9971.82,2024-06-18
5590.59,2024-09-27
3211.62,2025-02-20
2201.11,2024-05-18
3505.21,2024-09-03
3725.33,2024-05-27
687.14,2024-08-17
3695.74,2025-09-28
4642.39,2025-12-04
7227.38,2025-01-08
6567.29,2024-03-20
7087.66,2025-08-28
83.64,2024-03-05
2176.67,2024-03-28
6616.84,2024-03-28
4839.89,2025-12-13
53.13,2025-12-26
8044.95,2024-07-22
7728.1,2025-01-16
5484.19,2025-08-23
664.63,2025-04-20
7665.15,2025-07-26
5837.14,2025-08-28
7819.6,2025-06-22
7517.47,2024-08-01
8030.02,2024-03-14
5180.08,2024-03-01
1403.25,2025-11-28
6711.57,2025-06-26
6204.74,2024-08-06
7422.53,2024-01-12
1698.81,2025-02-18
1949.75,2024-02-01
8904.1,2024-06-08
7499.78,2024-08-24
9082.28,2024-06-29
7587.15,2025-07-11
5971.55,2024-12-06
6541.33,2025-04-02
8891.28,2024-03-20
5788.07,2025-10-08
6323.91,2025-04-17
1564.77,2025-11-01
4739.21,2025-12-15
7163.97,2024-04-21
2709.43,2024-10-18
2022.54,2025-09-22
3138.27,2025-01-17
2415.01,2024-01-17
2149.13,2025-05-07
4248.51,2024-11-26
9078.39,2025-04-30
5070.6,2025-02-09
1879.2,2024-04-26
769.72,2025-07-08
6961.56,2024-04-24
3827.99,2025-07-02
8218.31,2025-09-16
6595.11,2025-06-30
7962.41,2025-10-05
2719.46,2024-12-01
6923.59,2024-12-01
2640.62,2024-05-26
9390.68,2024-05-01
6363.74,2024-03-21
3245.12,2025-11-15
2695.12,2025-10-27
1909.27,2025-10-23
6946.41,2025-01-09
2187.16,2025-07-23
5953.03,2024-03-03
2646.35,2025-05-18
6619.69,2025-10-29
8149.4,2025-03-24
7780.25,2025-03-03
7608.51,2025-03-02
1877.22,2025-02-24
883.85,2024-11-17
6989.49,2025-11-10
3683.47,2024-06-14
4323.46,2025-08-19
311.49,2025-10-10
2595.76,2025-04-05
336.76,2025-04-03
8791.86,2024-07-07
2433.97,2025-04-08
5573.37,2025-01-13
389.79,2024-01-02
6668.47,2025-09-09
3230.27,2024-12-29
8979.19,2024-03-12
8881.18,2025-03-02
3252.91,2025-09-29
9009.61,2024-06-18
9961.58,2024-07-23
8254.16,2024-12-02
8448.71,2025-04-16
2490.09,2024-07-13
5767.02,2025-10-31
672.56,2025-10-14
949.18,2024-10-01
9988.93,2024-01-07
3266.39,2025-07-19
7481.84,2025-09-07
8066.65,2025-07-26
8580.23,2025-08-21
9976.28,2024-06-26
2414.96,2024-08-29
403.51,2024-07-21
4111.92,2025-06-26
1300.81,2025-04-06
224.26,2024-03-20
3604.27,2025-06-06
7837.38,2025-02-20
5661.81,2025-01-18
3127.78,2025-01-25
6543.42,2025-11-18
2320.18,2024-05-05
143.81,2025-05-08
7643.53,2024-02-16
6237.43,2025-12-18
7623.03,2025-04-20
389.38,2025-09-10
8371.2,2025-04-08
6195.26,2024-05-02
5633.95,2025-04-18
6246.14,2024-05-13
8644.33,2025-09-10
5869.37,2025-07-15
5809.5,2025-08-29
9906.79,2024-01-23
7567.3,2025-07-19
4422.94,2024-08-22
7073.97,2024-02-28
3892.3,2024-06-12
2288.75,2024-08-03
5968.52,2024-07-01
9281.82,2025-07-22
9291.4,2025-10-18
3419.05,2024-03-30
5276.77,2024-11-06
2116.36,2025-07-10
9956.31,2024-09-13
9811.18,2025-06-16
6495.09,2025-06-16
8044.14,2024-02-21
7151.0,2024-12-03
5931.58,2024-06-19
533.48,2024-03-07
4547.64,2025-09-16
6747.86,2024-10-26
6775.32,2025-11-02
3731.23,2024-08-19
9416.92,2024-03-08
1673.57,2025-05-20
5003.59,2024-01-28
6908.84,2025-09-19
6971.36,2024-02-20
6486.39,2025-11-23
2752.88,2024-09-16
1562.07,2025-08-13
6359.4,2025-09-11
5993.02,2025-08-08
1793.56,2025-11-17
7051.39,2024-07-02
4551.72,2024-01-23
6677.61,2024-05-08
8373.67,2024-10-17
1697.28,2025-05-15
191.45,2024-07-04
7791.03,2025-04-23
6096.97,2025-07-24
6996.4,2025-05-06
8381.55,2025-05-27
8028.11,2025-10-04
9609.2,2024-03-07
5359.35,2025-04-11
4884.96,2024-10-11
4018.87,2025-08-23
1536.91,2025-02-20
5726.07,2024-04-09
2770.13,2024-07-07
9213.08,2025-01-22
5831.91,2024-08-28
5928.4,2025-12-31
3549.25,2025-02-20
519.89,2024-06-24
317.44,2025-01-21
4233.35,2025-04-15
845.65,2024-08-20
6068.47,2025-10-24
8809.73,2025-03-27
8829.15,2024-10-03
6590.45,2024-08-16
2112.32,2024-06-19
8629.97,2024-07-31
8860.93,2024-10-08
1966.54,2024-02-10
7374.26,2024-05-01
2865.2,2024-08-14
8026.4,2024-10-20
9972.38,2025-08-22
300.26,2024-09-23
8973.66,2025-06-24
6226.31,2025-03-26
9733.83,2025-03-24
4650.1,2024-03-01
8473.88,2025-05-16
623.94,2024-05-26
3352.79,2025-11-16
670.17,2024-11-29
9753.43,2024-05-21
8169.74,2024-02-13
8525.47,2024-05-23
9379.65,2024-11-28
851.03,2025-05-11
3855.98,2025-01-30
710.35,2024-02-24
2107.93,2024-11-02
2293.66,2025-02-26
4691.07,2025-02-20
2685.62,2025-11-03
1009.78,2024-11-20
1674.91,2025-12-10
1472.76,2025-11-01
9730.77,2024-03-20
7592.93,2024-01-31
9677.61,2024-04-21
4397.4,2025-07-11
2783.68,2025-12-17
7982.93,2025-07-17
3262.54,2025-10-11
2993.83,2025-04-16
2325.06,2024-03-14
1296.79,2025-07-06
2564.63,2025-04-23
3553.2,2025-08-11
6739.94,2025-01-21
625.65,2025-11-29
2105.07,2025-07-17
8090.24,2025-03-08
1469.22,2025-02-15
3426.45,2025-04-11
8646.59,2025-08-21
1549.25,2025-09-12
827.37,2024-09-04
4845.38,2025-08-03
3024.2,2024-04-29
5634.08,2024-03-07
8038.05,2025-07-26
1371.48,2024-11-22
5806.99,2025-12-03
5055.09,2025-04-14
1440.79,2025-05-07
6239.98,2025-12-01
2736.4,2025-10-24
4878.34,2024-10-12
822.72,2025-08-30
4595.84,2024-11-07
3064.63,2024-11-04
8223.81,2024-04-06
569.79,2024-04-22
4186.07,2025-09-28
4584.31,2025-03-31
7250.06,2025-04-07
5742.88,2024-05-11
6672.12,2024-04-30
7770.49,2024-07-15
8622.03,2025-04-26
3138.75,2025-09-25
5380.23,2024-02-08
8401.08,2025-07-19
9894.51,2025-05-26
8895.19,2025-04-18
3714.67,2024-06-09
1951.67,2024-10-15
4893.93,2024-07-18
7416.41,2025-06-11
4925.69,2025-11-15
4831.81,2025-05-17
8382.3,2024-09-04
3614.04,2025-01-17
8597.95,2024-08-05
4068.05,2024-03-27
3282.33,2024-03-22
4539.9,2024-03-02
7624.47,2025-05-14
1260.02,2024-02-11
1964.19,2024-01-12
9514.45,2025-10-04
1754.92,2024-04-24
5677.27,2024-08-05
5793.14,2025-10-10
4896.24,2024-04-15
6447.45,2025-11-21
2298.27,2025-06-11
5526.62,2025-04-16
3721.73,2025-01-21
6616.67,2024-08-13
1412.24,2025-04-25
5708.77,2025-02-11
1852.7,2025-04-01
2786.43,2025-10-14
2187.1,2025-12-11
1828.38,2025-09-15
8257.11,2025-09-30
2857.08,2024-01-21
9271.24,2025-10-20
9699.27,2025-08-23
5712.6,2024-07-21
1430.01,2025-02-20
3745.48,2025-02-19
7977.32,2025-03-23
3673.91,2025-05-26
870.17,2024-03-25
5567.85,2024-06-15
8451.21,2025-01-18
7959.26,2025-04-12
1751.23,2024-03-12
6727.65,2025-06-04
2205.04,2025-04-17
2182.08,2024-09-14
8740.72,2024-10-01
2496.69,2024-01-20
2632.47,2025-05-04
6.53,2025-05-04
8706.69,2024-11-21
7925.95,2025-06-12
6273.29,2024-03-29
7502.66,2025-04-30
1520.49,2025-12-08
4583.24,2024-12-15
3512.19,2024-03-24
937.77,2025-01-21
4861.3,2024-03-27
9207.4,2024-11-02
400.59,2024-06-02
2914.61,2025-03-15
2075.41,2024-09-20
2381.47,2025-02-24
9084.35,2025-05-07
4680.69,2025-09-24
4662.99,2025-02-14
7605.76,2024-06-21
1544.92,2024-01-04
4872.65,2025-10-01
4299.85,2025-04-16
5969.11,2024-04-19
9995.58,2024-02-06
7694.49,2025-08-05
3978.66,2024-01-31
8275.53,2025-01-15
1707.08,2024-09-24
304.64,2024-01-11
2044.48,2024-12-09
3404.12,2025-06-27
5105.81,2025-07-22
6151.29,2024-06-14
9106.06,2025-11-30
5098.54,2024-12-07
5012.76,2025-04-26
502.43,2024-01-19
349.12,2025-09-19
5511.6,2024-07-02
4381.79,2025-06-28
8391.8,2024-01-10
1606.8,2025-08-14
249.72,2024-07-10
4490.39,2024-11-15
2374.79,2025-12-02
496.14,2025-08-02
7245.98,2025-04-19
1115.93,2025-09-28
6083.2,2025-03-02
2810.5,2024-02-28
1734.96,2025-03-11
3797.52,2024-04-06
8014.46,2025-05-10
3920.94,2025-10-22
7507.7,2024-10-04
1254.86,2024-09-21
7727.71,2024-01-09
2369.33,2025-04-01
6773.93,2024-09-29
5657.82,2024-01-08
9291.45,2024-07-26
3873.23,2025-09-28
661.65,2024-05-02
191.55,2024-02-02
8268.59,2025-05-27
5247.36,2024-07-22
7752.44,2025-06-01
2344.26,2025-05-31
3450.84,2025-03-18
301.04,2025-08-14
9614.92,2025-11-19
6678.68,2024-12-04
9332.05,2025-03-13
2654.96,2025-03-20
6114.64,2024-05-15
6785.0,2025-01-21
3175.5,2024-01-25
8481.09,2025-05-20
9471.61,2024-11-20
8848.55,2025-11-25
7390.67,2025-11-10
2774.65,2024-12-03
2816.16,2025-11-20
9633.6,2024-04-04
102.84,2025-06-28
7160.5,2025-09-14
7062.46,2024-05-25
6226.9,2024-08-18
9901.09,2025-05-09
3118.79,2024-02-07
3399.72,2025-02-28
789.39,2025-10-08
4427.98,2025-03-12
2610.49,2025-01-02
3433.87,2024-12-10
8345.72,2024-06-08
9354.85,2025-07-03
1857.33,2025-10-23
3725.09,2025-06-24
9286.31,2024-05-23
618.08,2025-08-10
923.61,2025-10-18
1627.91,2025-07-29
5952.13,2024-12-10
1504.72,2024-09-25
9680.76,2025-11-26
4467.15,2024-09-24
5015.18,2024-06-17
2466.59,2024-02-02
4709.6,2025-01-11
6619.14,2024-08-01
7511.77,2025-07-15
7538.68,2025-03-15
5778.91,2025-05-06
9043.6,2025-01-27
8174.08,2025-05-03
7570.48,2025-12-22
556.06,2024-01-29
68.78,2024-02-08
2124.47,2025-09-03
6635.24,2024-06-21
4111.97,2024-01-17
4024.06,2024-02-25
8845.87,2024-08-13
8955.63,2025-07-11
9091.75,2024-03-07
3138.78,2024-07-15
6910.56,2025-10-15
2716.33,2024-01-23
1906.1,2025-08-28
1846.32,2024-08-24
3421.08,2025-07-19
4299.58,2024-05-17
8309.49,2025-04-17
1198.91,2025-07-06
7349.26,2025-09-01
5314.55,2025-11-25
2879.45,2025-10-01
4928.2,2024-08-16
2999.42,2024-11-12
5960.82,2025-08-20
4338.44,2025-12-21
1644.06,2025-12-27
1165.83,2025-09-03
5466.96,2025-07-14
9024.13,2024-07-19
3439.58,2024-09-14
7330.0,2025-04-24
6586.61,2024-06-26
9315.55,2024-05-02
8209.81,2024-12-07
5666.05,2024-06-19
6570.3,2025-10-09
8983.86,2024-02-28
3995.19,2025-12-05
3267.95,2025-04-09
108.11,2024-09-16
8265.51,2025-01-07
8009.81,2024-04-04
1044.55,2024-05-04
5768.57,2024-02-10
4639.82,2024-09-10
1187.09,2024-01-07
9805.68,2025-04-15
2146.96,2025-12-28
672.34,2025-05-25
5948.47,2025-08-03
7388.67,2024-03-09
324.43,2024-03-21
6587.18,2025-06-25
5322.92,2025-08-07
1032.65,2024-09-18
1725.24,2024-03-29
5679.74,2024-07-26
2963.58,2024-07-31
9383.16,2024-09-22
8187.4,2024-10-19
9835.67,2024-07-25
2596.71,2024-11-28
9697.24,2024-03-17
4312.34,2024-10-14
3475.19,2024-02-16
503.5,2025-09-13
527.65,2024-07-18
6920.11,2025-03-02
4579.29,2024-07-28
2265.22,2025-02-23
6139.7,2024-06-02
2528.58,2025-06-05
5776.32,2025-02-18
3592.09,2024-12-18
8235.52,2024-06-05
8206.96,2024-09-17
4773.5,2024-03-17
3508.19,2025-05-02
3625.6,2024-05-10
8057.15,2025-08-01
3281.79,2025-03-30
2090.59,2024-06-11
846.88,2024-01-15
4666.93,2024-08-19
4821.32,2024-07-13
8409.09,2025-06-25
2212.39,2024-12-24
3809.91,2024-11-26
8084.06,2025-03-02
8236.24,2025-05-11
3846.11,2025-04-30
4591.24,2025-03-24
3032.86,2025-02-16
9325.55,2024-11-25
1186.44,2024-05-26
9337.49,2024-09-15
6838.66,2024-10-18
5315.72,2024-05-22
326.59,2025-09-18
4755.96,2024-12-30
4077.48,2024-03-30
1612.19,2025-12-20
6564.1,2024-06-12
9711.51,2025-04-25
5621.89,2024-03-24
7147.53,2024-03-17
684.5,2025-11-03
4176.67,2025-05-31
1163.58,2025-04-29
6127.96,2025-08-12
9384.82,2025-08-25
6617.78,2025-08-21
768.03,2024-04-13
3546.66,2025-03-27
5506.63,2025-05-01
4032.08,2024-12-04
8336.44,2025-11-17
8146.71,2025-07-19
6118.31,2025-04-22
3734.58,2025-12-23
2553.36,2025-08-29
1058.74,2024-08-10
3548.98,2024-01-09
4131.73,2024-02-22
6758.23,2024-03-17
6581.6,2025-12-18
701.08,2025-05-17
3952.59,2024-11-11
1817.79,2025-09-15
1568.13,2024-06-13
8273.02,2024-10-05
419.15,2024-01-27
4191.83,2024-03-10
1682.04,2024-08-05
8793.3,2024-12-30
5570.41,2025-12-01
2313.81,2024-11-01
5024.27,2024-05-03
7314.86,2024-01-19
9581.18,2024-09-13
2204.46,2024-10-22
8861.82,2024-01-22
9343.04,2025-03-25
9164.21,2025-07-05
6354.14,2025-07-03
6298.21,2024-02-17
4032.11,2025-11-25
7523.98,2025-08-09
5312.94,2025-12-21
6774.38,2024-07-01
4284.58,2025-03-10
7314.96,2024-04-16
8244.72,2024-07-06
1464.36,2024-03-26
8329.3,2025-03-31
5402.97,2024-05-16
8446.66,2024-12-01
4313.02,2025-08-29
3790.4,2025-04-13
9150.61,2025-08-24
2511.69,2025-07-24
8442.12,2025-02-06
4840.21,2025-06-23
5140.95,2024-03-12
3084.68,2024-01-24
5730.42,2025-09-15
3252.11,2025-04-29
392.69,2024-02-25
2719.99,2024-08-10
63.79,2025-09-23
9783.55,2024-06-27
9657.47,2025-03-09
3951.55,2025-03-25
7283.71,2025-05-06
3458.06,2024-07-07
6710.93,2025-07-31
8054.3,2025-02-23
9467.56,2024-09-05
4002.12,2025-08-10
7832.98,2025-10-10
2659.28,2024-06-12
9903.32,2024-09-11
257.7,2025-04-20
6035.29,2025-02-20
6595.06,2024-06-18
6880.46,2024-11-12
1203.88,2024-06-22
9385.3,2025-04-14
1811.83,2024-12-10
6227.53,2025-03-20
2226.76,2024-01-18
3072.16,2024-03-10
5464.59,2024-12-03
4171.93,2025-09-19
1602.26,2025-08-14
1709.36,2025-06-10
4181.45,2025-11-18
7572.83,2025-03-31
8979.65,2024-09-25
841.28,2025-09-22
3931.04,2024-07-06
1002.46,2025-07-22
165.92,2025-12-11
6617.19,2025-06-12
6024.49,2025-03-09
1630.19,2024-10-14
2338.13,2025-07-20
237.08,2025-05-13
8349.47,2025-03-16
9746.91,2024-10-29
1354.6,2024-03-27
2314.75,2025-03-13
8684.1,2025-06-24
9264.64,2024-01-22
4196.27,2025-07-13
506.22,2025-05-31
393.92,2025-11-05
5739.5,2025-05-17
3928.95,2025-12-14
286.52,2025-04-11
5832.52,2024-04-10
113.03,2025-08-05
7873.72,2025-11-05
3064.33,2025-11-15
402.58,2024-05-20
5883.52,2024-05-17
3976.84,2025-07-31
9738.0,2025-12-10
5441.99,2024-08-15
2752.39,2024-10-07
7094.39,2025-11-14
2714.92,2025-03-06
9042.43,2024-02-09
3747.22,2025-06-02
5498.69,2025-11-16
505.73,2025-10-24
4261.21,2024-07-29
8323.64,2024-10-28
8056.49,2024-03-26
2243.19,2025-01-31
2260.79,2024-09-09
8173.05,2025-06-16
9303.98,2025-01-15
953.61,2025-03-19
4500.59,2024-02-02
3374.54,2024-09-16
8706.88,2024-08-21
835.25,2025-05-29
2111.26,2024-11-03
7524.68,2024-03-10
512.94,2025-03-29
4925.35,2025-03-14
4421.07,2024-12-29
3344.01,2025-04-25
3945.72,2024-05-23
5299.41,2024-01-24
1613.67,2025-02-28
5719.96,2024-06-23
8054.32,2024-11-20
7601.61,2025-11-01
1539.0,2024-12-13
1492.49,2024-01-18
2681.74,2024-02-13
3610.75,2024-06-03
4084.56,2025-01-11
6796.97,2025-02-05
566.8,2024-08-12
346.73,2024-08-04
3919.11,2025-07-21
6971.64,2024-01-31
1934.35,2024-02-28
6415.04,2024-12-18
2598.28,2025-03-20
8860.86,2024-08-22
8956.9,2024-04-16
2972.87,2024-07-09
2299.94,2025-06-13
4113.04,2025-11-09
2405.32,2025-08-05
6723.84,2025-07-19
8260.65,2024-09-01
6730.92,2024-03-16
8243.5,2025-06-30
3969.92,2024-09-23
1563.17,2024-11-12
7379.51,2024-04-30
3604.75,2024-01-25
6712.71,2025-03-07
2706.44,2024-06-08
812.3,2025-08-18
9925.82,2024-04-23
1562.02,2025-05-16
9884.21,2024-06-14
9772.8,2025-12-03
7938.18,2024-06-23
6594.23,2024-01-01
5778.07,2024-03-26
8661.02,2025-07-27
2894.4,2024-11-15
4676.81,2025-02-04
6193.9,2025-01-16
4111.9,2025-12-18
4274.86,2025-09-08
3302.85,2024-11-13
5642.32,2024-09-06
8505.75,2025-06-08
2015.28,2025-11-05
9344.33,2025-07-08
6890.88,2025-09-14
8232.73,2025-12-17
5561.91,2024-09-12
7795.17,2024-11-02
162.0,2024-05-23
8183.8,2025-10-19
401.39,2025-01-25
8899.13,2025-11-06
9919.63,2024-06-17
2940.67,2024-10-24
2103.19,2024-08-20
7653.63,2024-09-27
2530.26,2024-02-29
8655.62,2024-10-22
1028.43,2025-04-11
1259.55,2024-08-22
9791.52,2025-11-07
6738.39,2025-12-06
8468.87,2024-08-21
3243.29,2025-01-02
6764.84,2025-11-25
5942.42,2024-08-19
6031.5,2025-05-05
6825.32,2025-09-10
5753.59,2025-05-17
4290.62,2025-08-14
2759.23,2025-01-15
7685.81,2025-11-26
2262.72,2025-03-03
6923.54,2025-11-27
2333.33,2025-10-07
6253.3,2024-12-29
7470.78,2024-07-20
2187.14,2024-05-25
599.43,2025-09-30
1309.74,2025-04-01
6059.97,2024-05-14
8494.46,2025-09-17
449.97,2024-09-20
7341.51,2024-03-04
3413.19,2025-05-05
4785.28,2025-10-08
9288.6,2024-02-10
3319.72,2024-10-22
4653.37,2024-01-03
136.82,2025-12-06
815.99,2024-04-19
2585.92,2024-08-08
278.52,2025-01-04
6313.75,2025-01-02
4263.98,2025-03-11
5481.45,2024-01-04
1746.47,2024-08-31
2959.32,2024-06-14
6638.24,2024-01-26
9653.03,2025-01-29
504.17,2025-04-18
8903.84,2024-01-17
5768.81,2025-12-28
5639.2,2024-04-01
5002.79,2025-04-27
693.94,2025-06-26
898.77,2024-07-23
6009.12,2025-05-16
3409.59,2025-02-03
9172.68,2024-07-25
4065.91,2025-09-10
1432.81,2024-05-25
7147.19,2024-04-10
2933.53,2024-08-28
5254.7,2024-06-11
6978.33,2024-06-21
9002.64,2025-05-16
7921.91,2025-06-30
6763.61,2024-10-10
6796.33,2024-12-24
9459.25,2025-01-15
2958.24,2025-06-16
11.12,2024-06-11
2719.55,2025-08-31
2178.91,2024-11-02
6618.35,2024-12-04
6337.12,2024-02-24
5934.61,2024-11-28
162.43,2024-05-06
7287.78,2025-12-05
3235.3,2024-08-30
6650.56,2025-08-22
5565.78,2025-02-12
3427.31,2025-05-17
1345.76,2025-12-27
944.19,2025-08-26
8315.18,2024-10-29
9183.98,2025-04-08
6497.88,2024-08-22
1034.34,2025-11-26
4020.27,2024-02-07
7289.39,2024-05-18
7798.21,2024-07-13
1182.19,2025-06-10
0.31,2025-10-08
7121.37,2024-01-01
3565.96,2025-07-14
2544.81,2024-04-05
128.97,2025-12-13
5402.99,2025-02-16
8511.51,2025-06-21
9576.32,2025-03-04
5657.45,2024-08-22
5144.61,2024-12-14
850.56,2025-04-25
5488.73,2025-01-30
3799.79,2024-12-16
6071.35,2025-02-19
3887.26,2024-02-20
2402.99,2024-03-21
949.65,2024-02-05
3149.18,2024-03-07
966.45,2025-10-02
1768.97,2025-10-28
9873.36,2025-09-14
4441.04,2025-11-10
5318.72,2025-04-25
8736.19,2025-04-12
9955.69,2024-05-21
5827.14,2024-12-21
8124.74,2025-12-09
3269.41,2025-04-15
3057.44,2025-09-12
4027.04,2025-08-13
6725.07,2025-11-03
6821.92,2025-03-14
3152.39,2025-06-14
1332.1,2024-05-06
6323.96,2024-07-23
1283.26,2024-01-29
5784.93,2025-03-20
6934.22,2025-12-19
7006.11,2025-04-08
7534.72,2024-10-06
8728.59,2024-05-30
4999.59,2024-08-27
7302.49,2024-09-22
6191.73,2025-11-24
1866.4,2024-04-14
256.9,2025-03-08
2845.41,2025-05-11
4430.34,2025-03-15
6171.06,2025-11-15
8499.59,2024-06-06
1962.46,2024-06-20
1255.5,2025-05-08
9634.8,2024-11-06
1080.45,2025-02-06
4784.91,2025-10-30
5855.64,2025-11-06
5413.74,2025-10-20
860.32,2025-10-27
570.27,2025-04-07
1054.83,2025-01-01
5855.88,2025-07-03
5443.45,2025-10-04
2337.41,2024-09-11
6377.74,2024-07-26
8200.68,2025-03-25
415.79,2024-04-04
4981.3,2025-04-22
6893.1,2025-11-13
2523.12,2024-07-08
3077.71,2025-12-11
6136.38,2025-04-28
8979.35,2025-06-19
8099.24,2025-02-26
5831.3,2025-10-01
7302.22,2025-08-27
3648.22,2024-05-12
6409.66,2024-02-24
4661.82,2025-05-24
1899.36,2025-10-31
7017.38,2025-06-24
5564.65,2025-02-13
3586.22,2024-07-29
9113.39,2025-10-27
209.34,2024-10-19
3157.73,2024-04-24
568.81,2025-10-31
7665.27,2024-09-15
7021.07,2024-05-01
3313.52,2024-10-25
6756.63,2025-01-15
3959.37,2025-07-14
7562.54,2025-05-15
4541.84,2024-10-23
4122.8,2024-12-27
9347.3,2025-08-11
2508.79,2025-04-07
1204.47,2025-03-13
5845.43,2024-05-06
9693.22,2024-07-15
3778.39,2024-08-08
620.37,2024-03-31
3393.05,2025-02-14
5059.32,2024-01-08
1619.23,2025-06-27
6581.02,2025-04-12
9977.49,2024-11-15
4517.39,2025-01-28
3547.29,2024-09-25
4007.04,2024-07-09
1151.46,2025-11-05
8832.74,2024-03-01
4148.26,2025-03-13
3872.74,2024-09-20
6596.9,2024-04-04
4420.33,2025-07-06
6482.33,2025-04-14
614.46,2025-10-22
8137.23,2025-12-16
9405.04,2025-05-28
6487.65,2025-11-20
9545.66,2024-07-12
1514.32,2025-04-26
4774.16,2024-12-01
6018.07,2025-03-10
5817.37,2024-07-14
4014.62,2024-09-05
3380.84,2025-05-12
1268.24,2024-07-30
3917.42,2025-10-26
1626.61,2025-10-31
7343.66,2025-04-10
2088.31,2025-10-12
585.65,2024-08-08
5523.66,2024-09-29
5952.3,2024-06-02
8719.13,2024-09-05
5769.82,2024-10-05
3454.81,2025-03-15
8030.12,2024-10-02
5402.79,2025-05-28
792.8,2024-03-28
5658.51,2025-10-03
9080.19,2025-05-19
3963.13,2025-08-12
2963.26,2024-08-28
1434.69,2025-10-14
1514.46,2025-11-05
4327.71,2024-08-23
5956.8,2024-05-07
806.15,2025-05-17
9395.69,2024-07-18
7551.34,2025-06-26
5866.24,2025-05-16
8284.39,2025-10-11
801.87,2025-05-06
4768.39,2024-01-21
6300.93,2024-08-21
8286.53,2025-12-14
7834.7,2025-10-04
2770.69,2025-02-19
9408.8,2024-05-27
1243.46,2024-01-29
8751.34,2024-12-26
9709.4,2024-11-03
1771.54,2024-06-10
7220.66,2024-03-01
402.86,2024-05-04
4054.23,2025-03-31
5162.83,2024-03-11
5806.45,2025-04-10
9359.37,2024-08-30
6722.51,2025-05-04
4812.78,2024-08-08
8096.75,2025-04-17
9505.33,2025-06-16
220.66,2025-05-08
9825.21,2024-03-22
861.32,2025-06-05
8143.87,2024-01-12
2803.35,2024-09-19
1321.8,2025-10-18
4398.56,2025-03-24
6439.57,2024-07-10
3809.52,2024-04-23
545.65,2024-01-26
5994.61,2025-05-13
9024.03,2025-05-22
3832.15,2025-06-28
2163.33,2024-03-02
4425.77,2024-08-16
483.63,2025-08-29
8204.88,2024-02-04
8263.41,2025-12-05
5880.0,2025-03-31
3531.03,2025-08-10
7997.83,2025-05-16
5546.87,2025-08-17
8259.32,2024-01-25
6314.59,2025-07-22
7844.05,2024-02-01
5985.63,2024-01-12
4141.41,2024-11-14
9579.46,2025-08-26
5411.14,2024-01-01
6050.9,2025-03-10
2204.88,2024-05-15
6256.51,2024-07-14
5716.08,2024-05-12
1848.38,2024-03-26
595.87,2025-04-20
6043.59,2024-11-19
7636.92,2024-06-28
5234.01,2025-05-30
2267.73,2025-09-29
6665.22,2024-06-23
801.06,2024-01-21
4418.34,2024-04-14
1633.67,2025-07-31
1844.59,2025-03-18
2022.94,2024-02-18
3867.07,2025-06-11
511.5,2024-05-24
3977.93,2024-12-05
5117.07,2024-12-19
4832.94,2024-03-15
3827.84,2025-07-31
8391.47,2025-09-28
1453.27,2024-11-14
5056.97,2024-03-27
620.41,2025-07-06
711.56,2025-11-28
5738.66,2024-02-11
5660.18,2024-04-02
8780.34,2025-11-27
5578.74,2025-12-27
9597.91,2025-05-21
486.95,2025-06-12
980.08,2024-09-21
440.66,2025-09-17
1852.77,2024-10-18
5412.7,2025-04-08
6455.72,2025-07-13
455.85,2024-04-06
9459.71,2024-04-04
8421.65,2024-11-21
2966.12,2024-03-14
771.88,2024-12-01
1698.87,2024-03-08
1269.44,2024-03-17
1232.84,2024-07-26
5185.62,2024-08-08
2458.47,2024-09-18
3581.4,2025-02-13
9895.05,2024-11-26
6843.14,2024-12-09
9489.81,2024-03-14
1425.57,2025-09-28
3821.39,2025-11-30
5547.32,2024-09-10
767.58,2024-11-27
41.87,2025-02-01
6704.34,2024-12-10
6418.2,2025-08-06
4107.89,2025-10-29
4896.44,2025-03-30
4154.43,2024-04-24
240.05,2024-11-08
3353.72,2024-08-15
1770.82,2024-09-01
984.24,2025-06-09
9567.2,2025-06-11
5993.6,2025-03-02
7286.56,2024-02-11
3153.64,2025-04-09
3931.47,2025-09-13
2369.24,2024-10-04
969.66,2024-01-19
1790.32,2024-03-06
7975.14,2024-06-15
6775.46,2025-08-07
5469.29,2025-02-06
4750.9,2025-02-12
9224.34,2024-04-21
727.35,2024-09-30
2806.01,2025-02-10
3499.38,2025-01-07
7824.26,2025-08-19
9925.15,2025-10-12
2406.71,2024-02-08
8743.07,2024-04-14
8306.23,2024-11-19
2246.57,2025-02-17
3993.33,2025-03-04
4096.73,2025-09-26
9782.21,2025-12-30
1808.92,2024-03-01
7991.58,2025-09-03
3341.93,2024-11-02
7308.7,2024-12-19
4200.11,2025-01-27
5783.6,2024-07-22
8326.12,2024-09-14
8041.66,2025-04-30
8664.23,2025-05-31
596.17,2025-03-21
6920.51,2025-12-09
1399.87,2024-06-28
4158.19,2024-12-07
5485.88,2024-05-12
4027.39,2025-03-18
5196.12,2024-09-09
9965.26,2024-09-21
1352.17,2024-04-02
6754.56,2025-10-23
3960.01,2025-02-14
1330.1,2024-05-17
1587.37,2024-07-26
9492.73,2025-09-28
8796.01,2025-07-26
9070.42,2024-11-02
9915.33,2024-09-22
2083.15,2025-10-07
3554.39,2024-11-13
6692.19,2024-04-22
4838.03,2025-01-12
4183.9,2025-03-29
3578.11,2024-07-09
5937.81,2025-03-15
5755.93,2024-07-05
1614.58,2025-01-01
4717.4,2024-03-29
5534.72,2024-07-05
5702.87,2024-05-11
2101.07,2025-09-26
7422.71,2025-07-13
251.99,2025-01-10
3548.32,2025-11-21
7802.13,2025-11-22
5638.93,2024-04-08
2611.62,2024-02-03
6949.53,2025-08-04
5673.91,2024-06-19
7962.44,2024-12-31
7350.25,2024-02-28
6101.08,2024-06-29
4881.78,2024-01-19
1331.82,2024-08-13
2613.33,2025-04-17
4190.99,2024-04-04
5992.99,2024-10-23
5137.08,2025-08-15
2881.85,2024-06-23
64.64,2024-08-09
4962.39,2025-09-06
2856.26,2024-02-23
7346.08,2025-11-25
239.46,2025-02-06
5848.28,2024-11-13
9414.74,2024-12-14
1744.09,2025-03-18
4716.49,2025-08-02
914.22,2025-06-23
6256.82,2024-10-08
5505.32,2024-12-25
4073.66,2025-09-22
5213.77,2025-10-07
8965.75,2025-10-02
1962.94,2024-01-08
225.65,2025-07-16
8616.65,2025-05-05
5771.17,2024-12-06
8906.58,2025-04-16
5969.45,2025-11-17
8101.61,2025-11-25
4296.73,2025-12-04
7498.6,2024-09-05
9130.41,2024-08-22
5721.23,2024-03-23
1807.85,2024-04-02
2687.98,2025-01-28
1986.45,2024-09-24
2468.57,2025-02-20
3064.15,2025-09-23
5551.34,2025-08-05
5879.92,2025-06-12
4265.0,2024-09-09
6154.21,2024-05-01
815.75,2024-01-10
877.88,2024-11-11
1718.29,2024-09-29
5180.77,2024-11-01
2139.95,2024-07-28
2832.84,2025-12-30
4003.13,2025-04-08
8118.66,2025-12-12
138.62,2025-12-28
6493.79,2025-12-17
6688.77,2025-02-19
7986.56,2024-08-03
9327.53,2024-03-20
201.38,2025-04-24
1537.84,2025-06-30
8861.71,2024-01-18
4585.19,2024-06-13
5645.91,2025-06-08
6630.27,2024-07-20
6790.67,2024-12-11
9317.4,2024-12-31
9969.49,2025-03-23
7201.57,2025-05-27
2872.21,2024-11-14
8797.52,2024-08-04
492.21,2024-02-03
2310.81,2024-09-22
8973.86,2025-10-01
2561.92,2025-12-24
2206.51,2024-03-20
1381.25,2025-11-07
8591.12,2025-02-16
5000.58,2024-09-08
6748.93,2024-01-12
2390.66,2025-02-04
7580.4,2025-12-24
7600.06,2024-10-08
3125.98,2024-04-21
4106.83,2025-12-23
2096.9,2025-01-12
9765.61,2024-09-24
6456.03,2024-10-24
9345.44,2024-11-12
3033.86,2025-07-23
7818.91,2025-05-23
7658.59,2025-06-29
6916.56,2024-12-30
9656.39,2025-06-30
3935.55,2024-09-27
1307.17,2025-04-18
6717.09,2025-06-20
7293.1,2024-08-21
5750.61,2024-02-28
2068.18,2024-09-07
5044.56,2024-03-26
3121.9,2025-01-24
4274.67,2024-06-28
6452.19,2025-12-19
7452.15,2024-05-28
2322.25,2025-08-05
4053.25,2024-04-30
2691.62,2025-08-27
1986.32,2024-09-12
7833.87,2024-11-04
9092.53,2024-02-28
3702.32,2024-03-09
7512.79,2025-03-21
8969.95,2025-01-22
8461.24,2024-03-26
1828.13,2024-08-14
9562.92,2025-08-15
3766.76,2025-09-17
3392.41,2024-07-02
624.31,2024-11-17
4861.74,2024-11-13
1090.14,2025-07-19
2485.4,2025-02-02
3169.43,2025-12-09
8088.26,2024-10-19
8754.89,2024-10-19
3024.66,2025-04-29
8586.98,2025-03-22
8572.31,2025-11-22
7646.51,2025-02-15
1466.95,2025-05-22
6903.23,2024-08-31
9450.24,2025-02-23
6825.4,2024-06-02
3316.17,2025-02-27
5005.79,2024-09-29
6457.25,2025-10-08
5105.7,2025-06-03
1199.53,2024-05-07
3120.64,2025-01-07
8023.96,2025-07-21
8614.18,2025-09-29
1373.0,2024-06-07
9523.87,2025-07-24
3288.23,2025-07-23
6623.14,2025-10-13
7518.25,2024-06-24
8119.46,2025-09-11
9457.5,2024-07-29
3129.2,2025-03-22
8585.06,2025-08-08
1316.87,2024-06-15
7050.41,2025-04-04
7419.78,2024-12-22
6777.23,2024-10-30
2523.15,2024-08-20
8730.43,2024-11-22
1688.58,2024-06-30
536.35,2025-09-25
7174.65,2024-11-29
4754.76,2025-12-15
8490.98,2024-01-29
3833.97,2025-12-14
1682.79,2024-04-02
8364.42,2025-11-18
5489.1,2024-11-25
1891.96,2025-12-23
7203.84,2024-07-02
5111.14,2024-04-04
6043.13,2025-10-10
4608.98,2024-12-18
8287.09,2024-09-21
8295.63,2025-10-08
7093.89,2025-10-17
1054.01,2024-01-19
8388.54,2025-10-07
6710.13,2025-09-17
6970.24,2025-05-13
3629.83,2024-05-18
8792.8,2025-09-28
7253.72,2025-12-16
1125.9,2025-07-26
4077.78,2025-06-08
8863.8,2024-09-11
471.97,2024-03-25
9614.17,2025-04-02
6791.63,2025-06-15
6313.76,2025-07-15
2705.59,2025-11-06
2487.92,2024-04-01
9420.58,2025-08-22
2982.72,2024-03-09
7755.05,2024-02-06
3931.22,2024-05-19
1392.54,2025-11-10
107.15,2025-07-19
5442.57,2024-06-26
9757.79,2025-09-09
3691.36,2024-05-16
3571.92,2024-07-08
3440.92,2025-10-01
5205.44,2024-12-07
4406.65,2025-07-12
8799.15,2024-01-05
5055.21,2024-09-13
5077.58,2025-10-23
1383.72,2024-08-30
9827.4,2025-12-20
2499.73,2025-02-18
733.64,2025-09-18
6631.46,2025-12-07
5953.66,2024-12-08
4151.46,2025-11-12
4221.92,2025-01-13
7850.64,2025-08-16
1957.13,2025-10-27
8202.53,2025-10-14
6487.47,2024-05-25
4189.7,2024-11-18
4580.29,2024-05-01
2566.47,2024-09-08
7521.14,2024-11-06
5128.75,2025-08-23
3208.55,2025-04-19
5960.5,2025-07-23
9957.34,2025-05-06
4352.62,2025-07-28
9206.91,2024-12-12
3450.17,2025-05-01
547.33,2025-04-17
2042.42,2025-01-16
4186.95,2024-10-06
2196.35,2024-03-12
2.27,2025-06-04
9150.02,2024-12-31
8438.79,2024-04-03
7422.92,2025-01-07
1678.15,2024-12-04
1203.64,2025-03-12
676.05,2024-12-01
7240.29,2025-10-25
9288.08,2025-05-06
4305.36,2024-02-09
1191.41,2024-12-24
5123.93,2025-07-27
3488.32,2024-09-10
3748.25,2025-08-03
6213.31,2025-02-01
7187.18,2024-06-18
1106.04,2025-11-20
355.9,2025-12-01
9943.3,2025-05-25
2327.28,2024-09-16
538.31,2025-08-06
1898.75,2025-04-03
389.58,2025-06-12
3918.11,2024-12-06
8024.02,2024-02-26
3412.44,2024-08-05
4441.83,2025-09-10
6755.87,2025-11-15
5088.94,2025-12-31
8614.46,2025-04-08
8660.36,2024-09-03
99.11,2025-12-30
7780.46,2025-01-07
4607.34,2025-02-20
9888.41,2024-01-31
4832.32,2025-01-02
9868.96,2025-07-12
7545.69,2025-10-07
2486.05,2024-04-17
5383.95,2025-08-06
9921.36,2025-02-21
8575.31,2025-09-11
973.67,2025-02-01
7063.72,2024-09-28
3455.8,2025-11-13
69.82,2024-04-25
4034.81,2025-08-08
2347.54,2024-09-12
8188.69,2024-03-21
3373.31,2024-05-07
8275.24,2024-08-22
5.98,2025-07-06
3078.19,2024-06-29
2411.65,2024-06-05
2335.67,2025-03-29
681.87,2025-07-24
1871.24,2025-12-04
5555.5,2024-01-24
2913.61,2025-04-17
4173.95,2025-02-03
3768.67,2025-08-14
8759.05,2024-05-13
9052.99,2025-02-24
4929.57,2024-07-31
3301.56,2025-04-26
1068.01,2024-12-13
9534.03,2024-06-14
602.27,2024-12-13
2976.5,2025-02-01
2980.66,2025-08-05
3204.01,2025-12-26
1642.87,2025-03-10
7831.61,2025-07-30
1224.98,2024-08-08
6349.07,2024-11-03
1238.46,2025-11-27
705.36,2025-12-19
9094.3,2025-04-10
1901.29,2024-04-08
8212.5,2024-08-29
5446.31,2024-06-06
778.57,2025-09-01
9554.48,2025-07-07
2469.61,2025-10-12
8596.45,2024-08-14
1688.1,2025-02-26
8539.43,2024-03-12
132.29,2024-08-30
5117.8,2025-06-13
7694.43,2025-08-11
9347.96,2024-02-14
9092.02,2025-04-16
8196.25,2025-01-05
8881.91,2025-10-13
1992.2,2025-11-19
2841.84,2024-04-01
2889.69,2024-01-22
3770.54,2024-06-20
3933.21,2025-08-26
5445.55,2024-07-10
1598.8,2024-03-17
6912.47,2024-10-07
1675.67,2024-12-29
3103.08,2024-06-27
5033.45,2024-08-25
7964.41,2024-05-14
7394.69,2024-10-06
6455.34,2024-01-19
1557.73,2025-08-17
5470.45,2025-01-05
874.47,2024-04-21
3773.63,2025-11-06
4135.17,2025-11-10
398.11,2024-08-08
2739.88,2024-10-30
9556.49,2025-12-03
9536.33,2024-11-20
3523.27,2025-03-12
431.0,2025-03-13
1790.95,2024-06-18
3922.18,2025-01-09
9477.8,2025-07-10
1411.99,2025-01-15
7635.16,2024-01-14
1086.83,2025-10-30
9812.58,2025-05-14
3816.16,2025-10-07
7752.35,2025-01-25
3425.91,2025-07-02
6276.69,2025-07-18
1920.16,2025-06-13
1460.21,2025-05-06
9380.64,2025-07-03
9176.47,2025-11-29
8874.69,2025-01-19
6254.33,2024-07-14
8082.68,2024-10-26
690.37,2025-06-30
3347.89,2025-12-27
3137.03,2025-12-31
6356.45,2025-08-24
3559.58,2024-11-03
1485.07,2024-09-08
5964.67,2024-01-08
8143.84,2024-07-26
3821.23,2024-05-10
1322.69,2025-12-09
1966.88,2025-10-15
2374.83,2025-08-30
2998.98,2024-01-26
6427.95,2025-09-14
6009.45,2025-03-29
6960.8,2025-09-26
3625.02,2024-07-04
8239.98,2025-04-28
2040.88,2025-11-10
4690.41,2024-02-20
8009.39,2024-01-05
1801.59,2025-08-11
1098.63,2024-06-08
8836.84,2024-07-26
3429.3,2024-09-13
6838.7,2024-07-23
253.49,2024-01-11
6900.47,2024-01-08
3161.01,2025-02-12
557.41,2024-02-01
6098.13,2025-06-23
2408.04,2025-12-18
3868.07,2025-01-21
805.81,2024-08-15
1471.63,2025-10-01
2979.77,2025-04-19
897.6,2025-12-24
9108.26,2024-07-25
60.47,2024-11-13
4838.6,2025-07-10
1232.47,2025-09-08
3076.79,2024-12-13
9260.6,2024-08-21
1616.95,2025-12-01
9658.32,2024-02-13
2057.94,2024-05-21
7415.66,2025-10-09
5466.77,2024-06-24
8844.79,2025-10-15
5539.93,2025-03-24
5345.59,2025-08-14
1954.58,2024-03-22
1662.29,2024-05-14
9164.89,2025-12-19
3278.38,2024-06-25
3720.82,2025-01-17
7598.24,2024-08-30
3388.23,2025-07-20
9520.62,2024-05-20
7379.28,2025-04-01
5974.29,2025-03-15
8808.95,2024-02-25
496.06,2025-06-10
2570.63,2025-11-27
4650.36,2025-02-22
2269.79,2024-03-28
7439.05,2025-08-31
9192.08,2025-10-17
4237.7,2024-01-08
3421.33,2025-04-21
9615.51,2024-08-02
4448.52,2025-11-15
4890.48,2025-07-05
3516.5,2025-05-11
9095.48,2025-11-24
5689.55,2025-05-17
7621.75,2025-11-29
8118.07,2024-09-01
3418.49,2025-04-22
4336.94,2024-11-04
8484.72,2024-08-18
3632.55,2025-01-17
7939.35,2024-06-03
9409.92,2024-06-23
6232.1,2024-04-24
7416.27,2025-01-24
8050.97,2024-11-06
8450.4,2024-10-26
3950.53,2024-01-18
512.63,2024-01-12
4018.76,2025-02-07
6737.56,2025-12-04
4503.5,2024-08-19
7489.63,2025-08-27
3569.82,2025-12-30
6347.44,2024-10-04
1864.2,2024-12-18
7493.69,2024-10-29
5456.96,2025-06-24
2040.64,2025-04-14
2919.11,2024-03-17
7486.09,2025-06-04
4826.01,2024-01-24
2160.31,2024-01-15
9672.71,2025-11-06
7151.25,2025-06-08
9571.35,2024-12-12
4271.05,2024-06-20
4751.0,2024-11-22
8979.55,2025-12-12
5250.49,2025-04-29
7072.79,2025-05-03
2521.73,2025-04-06
4467.26,2025-01-12
1234.5,2025-08-10
2059.8,2024-06-12
9.43,2025-01-06
392.65,2025-07-26
9772.84,2025-02-27
2423.54,2025-04-21
6633.11,2025-01-16
8391.0,2024-06-03
5506.6,2024-09-13
1531.45,2025-11-04
7281.16,2024-03-08
6002.51,2024-12-09
7312.51,2024-10-03
7697.47,2025-11-03
9754.1,2025-01-25
5735.63,2025-03-24
3416.41,2024-09-15
6484.65,2024-11-02
684.41,2024-04-04
8973.97,2025-04-08
1193.81,2024-09-02
3278.43,2025-09-26
8157.45,2024-07-05
5973.12,2025-01-07
